"","Name","isLegendary","Type_1","Type_2","Total","HP","Attack","Defense","Sp_Atk","Sp_Def","Speed","Generation","Color","hasGender","Pr_Male","Egg_Group_1","Egg_Group_2","hasMegaEvolution","Height_m","Weight_kg","Catch_Rate","Body_Style"
"1","Bulbasaur","False","Grass","Poison",318,45,49,49,65,65,45,1,"Green","True",0.875,"Monster","Grass","False",0.71,6.9,45,"quadruped"
"2","Ivysaur","False","Grass","Poison",405,60,62,63,80,80,60,1,"Green","True",0.875,"Monster","Grass","False",0.99,13,45,"quadruped"
"3","Venusaur","False","Grass","Poison",525,80,82,83,100,100,80,1,"Green","True",0.875,"Monster","Grass","True",2.01,100,45,"quadruped"
"4","Charmander","False","Fire",NA,309,39,52,43,60,50,65,1,"Red","True",0.875,"Monster","Dragon","False",0.61,8.5,45,"bipedal_tailed"
"5","Charmeleon","False","Fire",NA,405,58,64,58,80,65,80,1,"Red","True",0.875,"Monster","Dragon","False",1.09,19,45,"bipedal_tailed"
"6","Charizard","False","Fire","Flying",534,78,84,78,109,85,100,1,"Red","True",0.875,"Monster","Dragon","True",1.7,90.5,45,"bipedal_tailed"
"7","Squirtle","False","Water",NA,314,44,48,65,50,64,43,1,"Blue","True",0.875,"Monster","Water_1","False",0.51,9,45,"bipedal_tailed"
"8","Wartortle","False","Water",NA,405,59,63,80,65,80,58,1,"Blue","True",0.875,"Monster","Water_1","False",0.99,22.5,45,"bipedal_tailed"
"9","Blastoise","False","Water",NA,530,79,83,100,85,105,78,1,"Blue","True",0.875,"Monster","Water_1","True",1.6,85.5,45,"bipedal_tailed"
"10","Caterpie","False","Bug",NA,195,45,30,35,20,20,45,1,"Green","True",0.5,"Bug",NA,"False",0.3,2.9,255,"insectoid"
"11","Metapod","False","Bug",NA,205,50,20,55,25,25,30,1,"Green","True",0.5,"Bug",NA,"False",0.71,9.9,120,"serpentine_body"
"12","Butterfree","False","Bug","Flying",395,60,45,50,90,80,70,1,"White","True",0.5,"Bug",NA,"False",1.09,32,45,"four_wings"
"13","Weedle","False","Bug","Poison",195,40,35,30,20,20,50,1,"Brown","True",0.5,"Bug",NA,"False",0.3,3.2,255,"serpentine_body"
"14","Kakuna","False","Bug","Poison",205,45,25,50,25,25,35,1,"Yellow","True",0.5,"Bug",NA,"False",0.61,10,120,"serpentine_body"
"15","Beedrill","False","Bug","Poison",395,65,90,40,45,80,75,1,"Yellow","True",0.5,"Bug",NA,"True",0.99,29.5,45,"four_wings"
"16","Pidgey","False","Normal","Flying",251,40,45,40,35,35,56,1,"Brown","True",0.5,"Flying",NA,"False",0.3,1.8,255,"two_wings"
"17","Pidgeotto","False","Normal","Flying",349,63,60,55,50,50,71,1,"Brown","True",0.5,"Flying",NA,"False",1.09,30,120,"two_wings"
"18","Pidgeot","False","Normal","Flying",479,83,80,75,70,70,101,1,"Brown","True",0.5,"Flying",NA,"True",1.5,39.5,45,"two_wings"
"19","Rattata","False","Normal",NA,253,30,56,35,25,35,72,1,"Purple","True",0.5,"Field",NA,"False",0.3,3.5,255,"quadruped"
"20","Raticate","False","Normal",NA,413,55,81,60,50,70,97,1,"Brown","True",0.5,"Field",NA,"False",0.71,18.5,127,"quadruped"
"21","Spearow","False","Normal","Flying",262,40,60,30,31,31,70,1,"Brown","True",0.5,"Flying",NA,"False",0.3,2,255,"two_wings"
"22","Fearow","False","Normal","Flying",442,65,90,65,61,61,100,1,"Brown","True",0.5,"Flying",NA,"False",1.19,38,90,"two_wings"
"23","Ekans","False","Poison",NA,288,35,60,44,40,54,55,1,"Purple","True",0.5,"Field","Dragon","False",2.01,6.9,255,"serpentine_body"
"24","Arbok","False","Poison",NA,438,60,85,69,65,79,80,1,"Purple","True",0.5,"Field","Dragon","False",3.51,65,90,"serpentine_body"
"25","Pikachu","False","Electric",NA,320,35,55,40,50,50,90,1,"Yellow","True",0.5,"Field","Fairy","False",0.41,6,190,"quadruped"
"26","Raichu","False","Electric",NA,485,60,90,55,90,80,110,1,"Yellow","True",0.5,"Field","Fairy","False",0.79,30,75,"bipedal_tailed"
"27","Sandshrew","False","Ground",NA,300,50,75,85,20,30,40,1,"Yellow","True",0.5,"Field",NA,"False",0.61,12,255,"bipedal_tailed"
"28","Sandslash","False","Ground",NA,450,75,100,110,45,55,65,1,"Yellow","True",0.5,"Field",NA,"False",0.99,29.5,90,"bipedal_tailed"
"29","Nidoran♀","False","Poison",NA,275,55,47,52,40,40,41,1,"Blue","True",0,"Monster","Field","False",0.41,7,235,"quadruped"
"30","Nidorina","False","Poison",NA,365,70,62,67,55,55,56,1,"Blue","True",0,"Undiscovered",NA,"False",0.79,20,120,"quadruped"
"31","Nidoqueen","False","Poison","Ground",505,90,92,87,75,85,76,1,"Blue","True",0,"Undiscovered",NA,"False",1.3,60,45,"bipedal_tailed"
"32","Nidoran♂","False","Poison",NA,273,46,57,40,40,40,50,1,"Purple","True",1,"Monster","Field","False",0.51,9,235,"quadruped"
"33","Nidorino","False","Poison",NA,365,61,72,57,55,55,65,1,"Purple","True",1,"Monster","Field","False",0.89,19.5,120,"quadruped"
"34","Nidoking","False","Poison","Ground",505,81,102,77,85,75,85,1,"Purple","True",1,"Monster","Field","False",1.4,62,45,"bipedal_tailed"
"35","Clefairy","False","Fairy",NA,323,70,45,48,60,65,35,1,"Pink","True",0.25,"Fairy",NA,"False",0.61,7.5,150,"bipedal_tailed"
"36","Clefable","False","Fairy",NA,483,95,70,73,95,90,60,1,"Pink","True",0.25,"Fairy",NA,"False",1.3,40,25,"bipedal_tailed"
"37","Vulpix","False","Fire",NA,299,38,41,40,50,65,65,1,"Brown","True",0.25,"Field",NA,"False",0.61,9.9,190,"quadruped"
"38","Ninetales","False","Fire",NA,505,73,76,75,81,100,100,1,"Yellow","True",0.25,"Field",NA,"False",1.09,19.9,75,"quadruped"
"39","Jigglypuff","False","Normal","Fairy",270,115,45,20,45,25,20,1,"Pink","True",0.25,"Fairy",NA,"False",0.51,5.5,170,"bipedal_tailless"
"40","Wigglytuff","False","Normal","Fairy",435,140,70,45,85,50,45,1,"Pink","True",0.25,"Fairy",NA,"False",0.99,12,50,"bipedal_tailless"
"41","Zubat","False","Poison","Flying",245,40,45,35,30,40,55,1,"Purple","True",0.5,"Flying",NA,"False",0.79,7.5,255,"two_wings"
"42","Golbat","False","Poison","Flying",455,75,80,70,65,75,90,1,"Purple","True",0.5,"Flying",NA,"False",1.6,55,90,"two_wings"
"43","Oddish","False","Grass","Poison",320,45,50,55,75,65,30,1,"Blue","True",0.5,"Grass",NA,"False",0.51,5.4,255,"head_legs"
"44","Gloom","False","Grass","Poison",395,60,65,70,85,75,40,1,"Blue","True",0.5,"Grass",NA,"False",0.79,8.6,120,"bipedal_tailless"
"45","Vileplume","False","Grass","Poison",490,75,80,85,110,90,50,1,"Red","True",0.5,"Grass",NA,"False",1.19,18.6,45,"bipedal_tailless"
"46","Paras","False","Bug","Grass",285,35,70,55,45,55,25,1,"Red","True",0.5,"Bug","Grass","False",0.3,5.4,190,"insectoid"
"47","Parasect","False","Bug","Grass",405,60,95,80,60,80,30,1,"Red","True",0.5,"Bug","Grass","False",0.99,29.5,75,"insectoid"
"48","Venonat","False","Bug","Poison",305,60,55,50,40,55,45,1,"Purple","True",0.5,"Bug",NA,"False",0.99,30,190,"bipedal_tailless"
"49","Venomoth","False","Bug","Poison",450,70,65,60,90,75,90,1,"Purple","True",0.5,"Bug",NA,"False",1.5,12.5,75,"four_wings"
"50","Diglett","False","Ground",NA,265,10,55,25,35,45,95,1,"Brown","True",0.5,"Field",NA,"False",0.2,0.8,255,"head_base"
"51","Dugtrio","False","Ground",NA,405,35,80,50,50,70,120,1,"Brown","True",0.5,"Field",NA,"False",0.71,33.3,50,"multiple_bodies"
"52","Meowth","False","Normal",NA,290,40,45,35,40,40,90,1,"Yellow","True",0.5,"Field",NA,"False",0.41,4.2,255,"quadruped"
"53","Persian","False","Normal",NA,440,65,70,60,65,65,115,1,"Yellow","True",0.5,"Field",NA,"False",0.99,32,90,"quadruped"
"54","Psyduck","False","Water",NA,320,50,52,48,65,50,55,1,"Yellow","True",0.5,"Water_1","Field","False",0.79,19.6,190,"bipedal_tailed"
"55","Golduck","False","Water",NA,500,80,82,78,95,80,85,1,"Blue","True",0.5,"Water_1","Field","False",1.7,76.6,75,"bipedal_tailed"
"56","Mankey","False","Fighting",NA,305,40,80,35,35,45,70,1,"Brown","True",0.5,"Field",NA,"False",0.51,28,190,"bipedal_tailed"
"57","Primeape","False","Fighting",NA,455,65,105,60,60,70,95,1,"Brown","True",0.5,"Field",NA,"False",0.99,32,75,"bipedal_tailed"
"58","Growlithe","False","Fire",NA,350,55,70,45,70,50,60,1,"Brown","True",0.75,"Field",NA,"False",0.71,19,190,"quadruped"
"59","Arcanine","False","Fire",NA,555,90,110,80,100,80,95,1,"Brown","True",0.75,"Field",NA,"False",1.91,155,75,"quadruped"
"60","Poliwag","False","Water",NA,300,40,50,40,40,40,90,1,"Blue","True",0.5,"Water_1",NA,"False",0.61,12.4,255,"head_legs"
"61","Poliwhirl","False","Water",NA,385,65,65,65,50,50,90,1,"Blue","True",0.5,"Water_1",NA,"False",0.99,20,120,"bipedal_tailless"
"62","Poliwrath","False","Water","Fighting",510,90,95,95,70,90,70,1,"Blue","True",0.5,"Water_1",NA,"False",1.3,54,45,"bipedal_tailless"
"63","Abra","False","Psychic",NA,310,25,20,15,105,55,90,1,"Brown","True",0.75,"Human-Like",NA,"False",0.89,19.5,200,"bipedal_tailed"
"64","Kadabra","False","Psychic",NA,400,40,35,30,120,70,105,1,"Brown","True",0.75,"Human-Like",NA,"False",1.3,56.5,100,"bipedal_tailed"
"65","Alakazam","False","Psychic",NA,500,55,50,45,135,95,120,1,"Brown","True",0.75,"Human-Like",NA,"True",1.5,48,50,"bipedal_tailless"
"66","Machop","False","Fighting",NA,305,70,80,50,35,35,35,1,"Grey","True",0.75,"Human-Like",NA,"False",0.79,19.5,180,"bipedal_tailed"
"67","Machoke","False","Fighting",NA,405,80,100,70,50,60,45,1,"Grey","True",0.75,"Human-Like",NA,"False",1.5,70.5,90,"bipedal_tailless"
"68","Machamp","False","Fighting",NA,505,90,130,80,65,85,55,1,"Grey","True",0.75,"Human-Like",NA,"False",1.6,130,45,"bipedal_tailless"
"69","Bellsprout","False","Grass","Poison",300,50,75,35,70,30,40,1,"Green","True",0.5,"Grass",NA,"False",0.71,4,255,"bipedal_tailless"
"70","Weepinbell","False","Grass","Poison",390,65,90,50,85,45,55,1,"Green","True",0.5,"Grass",NA,"False",0.99,6.4,120,"head_base"
"71","Victreebel","False","Grass","Poison",490,80,105,65,100,70,70,1,"Green","True",0.5,"Grass",NA,"False",1.7,15.5,45,"head_base"
"72","Tentacool","False","Water","Poison",335,40,40,35,50,100,70,1,"Blue","True",0.5,"Water_3",NA,"False",0.89,45.5,190,"several_limbs"
"73","Tentacruel","False","Water","Poison",515,80,70,65,80,120,100,1,"Blue","True",0.5,"Water_3",NA,"False",1.6,55,60,"several_limbs"
"74","Geodude","False","Rock","Ground",300,40,80,100,30,30,20,1,"Brown","True",0.5,"Mineral",NA,"False",0.41,20,255,"head_arms"
"75","Graveler","False","Rock","Ground",390,55,95,115,45,45,35,1,"Brown","True",0.5,"Mineral",NA,"False",0.99,105,120,"bipedal_tailless"
"76","Golem","False","Rock","Ground",495,80,120,130,55,65,45,1,"Brown","True",0.5,"Mineral",NA,"False",1.4,300,45,"bipedal_tailless"
"77","Ponyta","False","Fire",NA,410,50,85,55,65,65,90,1,"Yellow","True",0.5,"Field",NA,"False",0.99,30,190,"quadruped"
"78","Rapidash","False","Fire",NA,500,65,100,70,80,80,105,1,"Yellow","True",0.5,"Field",NA,"False",1.7,95,60,"quadruped"
"79","Slowpoke","False","Water","Psychic",315,90,65,65,40,40,15,1,"Pink","True",0.5,"Monster","Water_1","False",1.19,36,190,"quadruped"
"80","Slowbro","False","Water","Psychic",490,95,75,110,100,80,30,1,"Pink","True",0.5,"Monster","Water_1","True",1.6,78.5,75,"bipedal_tailed"
"81","Magnemite","False","Electric","Steel",325,25,35,70,95,55,45,1,"Grey","False",NA,"Mineral",NA,"False",0.3,6,190,"head_arms"
"82","Magneton","False","Electric","Steel",465,50,60,95,120,70,70,1,"Grey","False",NA,"Mineral",NA,"False",0.99,60,60,"multiple_bodies"
"83","Farfetch'd","False","Normal","Flying",352,52,65,55,58,62,60,1,"Brown","True",0.5,"Flying","Field","False",0.79,15,45,"two_wings"
"84","Doduo","False","Normal","Flying",310,35,85,45,35,35,75,1,"Brown","True",0.5,"Flying",NA,"False",1.4,39.2,190,"head_legs"
"85","Dodrio","False","Normal","Flying",460,60,110,70,60,60,100,1,"Brown","True",0.5,"Flying",NA,"False",1.8,85.2,45,"head_legs"
"86","Seel","False","Water",NA,325,65,45,55,45,70,45,1,"White","True",0.5,"Water_1","Field","False",1.09,90,190,"with_fins"
"87","Dewgong","False","Water","Ice",475,90,70,80,70,95,70,1,"White","True",0.5,"Water_1","Field","False",1.7,120,75,"with_fins"
"88","Grimer","False","Poison",NA,325,80,80,50,40,50,25,1,"Purple","True",0.5,"Amorphous",NA,"False",0.89,30,190,"head_arms"
"89","Muk","False","Poison",NA,500,105,105,75,65,100,50,1,"Purple","True",0.5,"Amorphous",NA,"False",1.19,30,75,"head_arms"
"90","Shellder","False","Water",NA,305,30,65,100,45,25,40,1,"Purple","True",0.5,"Water_3",NA,"False",0.3,4,190,"head_only"
"91","Cloyster","False","Water","Ice",525,50,95,180,85,45,70,1,"Purple","True",0.5,"Water_3",NA,"False",1.5,132.5,60,"head_only"
"92","Gastly","False","Ghost","Poison",310,30,35,30,100,35,80,1,"Purple","True",0.5,"Amorphous",NA,"False",1.3,0.1,190,"head_only"
"93","Haunter","False","Ghost","Poison",405,45,50,45,115,55,95,1,"Purple","True",0.5,"Amorphous",NA,"False",1.6,0.1,90,"head_arms"
"94","Gengar","False","Ghost","Poison",500,60,65,60,130,75,110,1,"Purple","True",0.5,"Amorphous",NA,"True",1.5,40.5,45,"bipedal_tailed"
"95","Onix","False","Rock","Ground",385,35,45,160,30,45,70,1,"Grey","True",0.5,"Mineral",NA,"False",8.79,210,45,"serpentine_body"
"96","Drowzee","False","Psychic",NA,328,60,48,45,43,90,42,1,"Yellow","True",0.5,"Human-Like",NA,"False",0.99,32.4,190,"bipedal_tailless"
"97","Hypno","False","Psychic",NA,483,85,73,70,73,115,67,1,"Yellow","True",0.5,"Human-Like",NA,"False",1.6,75.6,75,"bipedal_tailless"
"98","Krabby","False","Water",NA,325,30,105,90,25,25,50,1,"Red","True",0.5,"Water_3",NA,"False",0.41,6.5,225,"insectoid"
"99","Kingler","False","Water",NA,475,55,130,115,50,50,75,1,"Red","True",0.5,"Water_3",NA,"False",1.3,60,60,"insectoid"
"100","Voltorb","False","Electric",NA,330,40,30,50,55,55,100,1,"Red","False",NA,"Mineral",NA,"False",0.51,10.4,190,"head_only"
"101","Electrode","False","Electric",NA,480,60,50,70,80,80,140,1,"Red","False",NA,"Mineral",NA,"False",1.19,66.6,60,"head_only"
"102","Exeggcute","False","Grass","Psychic",325,60,40,80,60,45,40,1,"Pink","True",0.5,"Grass",NA,"False",0.41,2.5,90,"multiple_bodies"
"103","Exeggutor","False","Grass","Psychic",520,95,95,85,125,65,55,1,"Yellow","True",0.5,"Grass",NA,"False",2.01,120,45,"head_legs"
"104","Cubone","False","Ground",NA,320,50,50,95,40,50,35,1,"Brown","True",0.5,"Monster",NA,"False",0.41,6.5,190,"bipedal_tailed"
"105","Marowak","False","Ground",NA,425,60,80,110,50,80,45,1,"Brown","True",0.5,"Monster",NA,"False",0.99,45,75,"bipedal_tailed"
"106","Hitmonlee","False","Fighting",NA,455,50,120,53,35,110,87,1,"Brown","True",1,"Human-Like",NA,"False",1.5,49.8,45,"bipedal_tailless"
"107","Hitmonchan","False","Fighting",NA,455,50,105,79,35,110,76,1,"Brown","True",1,"Human-Like",NA,"False",1.4,50.2,45,"bipedal_tailless"
"108","Lickitung","False","Normal",NA,385,90,55,75,60,75,30,1,"Pink","True",0.5,"Monster",NA,"False",1.19,65.5,45,"bipedal_tailed"
"109","Koffing","False","Poison",NA,340,40,65,95,60,45,35,1,"Purple","True",0.5,"Amorphous",NA,"False",0.61,1,190,"head_only"
"110","Weezing","False","Poison",NA,490,65,90,120,85,70,60,1,"Purple","True",0.5,"Amorphous",NA,"False",1.19,9.5,60,"multiple_bodies"
"111","Rhyhorn","False","Ground","Rock",345,80,85,95,30,30,25,1,"Grey","True",0.5,"Monster","Field","False",0.99,115,120,"quadruped"
"112","Rhydon","False","Ground","Rock",485,105,130,120,45,45,40,1,"Grey","True",0.5,"Monster","Field","False",1.91,120,60,"bipedal_tailed"
"113","Chansey","False","Normal",NA,450,250,5,5,35,105,50,1,"Pink","True",0,"Fairy",NA,"False",1.09,34.6,30,"bipedal_tailed"
"114","Tangela","False","Grass",NA,435,65,55,115,100,40,60,1,"Blue","True",0.5,"Grass",NA,"False",0.99,35,45,"head_legs"
"115","Kangaskhan","False","Normal",NA,490,105,95,80,40,80,90,1,"Brown","True",0,"Monster",NA,"True",2.21,80,45,"bipedal_tailed"
"116","Horsea","False","Water",NA,295,30,40,70,70,25,60,1,"Blue","True",0.5,"Water_1","Dragon","False",0.41,8,225,"head_base"
"117","Seadra","False","Water",NA,440,55,65,95,95,45,85,1,"Blue","True",0.5,"Water_1","Dragon","False",1.19,25,75,"head_base"
"118","Goldeen","False","Water",NA,320,45,67,60,35,50,63,1,"Red","True",0.5,"Water_2",NA,"False",0.61,15,225,"with_fins"
"119","Seaking","False","Water",NA,450,80,92,65,65,80,68,1,"Red","True",0.5,"Water_2",NA,"False",1.3,39,60,"with_fins"
"120","Staryu","False","Water",NA,340,30,45,55,70,55,85,1,"Brown","False",NA,"Water_3",NA,"False",0.79,34.5,225,"head_base"
"121","Starmie","False","Water","Psychic",520,60,75,85,100,85,115,1,"Purple","False",NA,"Water_3",NA,"False",1.09,80,60,"head_base"
"122","Mr._Mime","False","Psychic","Fairy",460,40,45,65,100,120,90,1,"Pink","True",0.5,"Human-Like",NA,"False",1.3,54.5,45,"bipedal_tailless"
"123","Scyther","False","Bug","Flying",500,70,110,80,55,80,105,1,"Green","True",0.5,"Bug",NA,"False",1.5,56,45,"four_wings"
"124","Jynx","False","Ice","Psychic",455,65,50,35,115,95,95,1,"Red","True",0,"Human-Like",NA,"False",1.4,40.6,45,"bipedal_tailless"
"125","Electabuzz","False","Electric",NA,490,65,83,57,95,85,105,1,"Yellow","True",0.75,"Human-Like",NA,"False",1.09,30,45,"bipedal_tailed"
"126","Magmar","False","Fire",NA,495,65,95,57,100,85,93,1,"Red","True",0.75,"Human-Like",NA,"False",1.3,44.5,45,"bipedal_tailed"
"127","Pinsir","False","Bug",NA,500,65,125,100,55,70,85,1,"Brown","True",0.5,"Bug",NA,"True",1.5,55,45,"bipedal_tailless"
"128","Tauros","False","Normal",NA,490,75,100,95,40,70,110,1,"Brown","True",1,"Field",NA,"False",1.4,88.4,45,"quadruped"
"129","Magikarp","False","Water",NA,200,20,10,55,15,20,80,1,"Red","True",0.5,"Water_2","Dragon","False",0.89,10,255,"with_fins"
"130","Gyarados","False","Water","Flying",540,95,125,79,60,100,81,1,"Blue","True",0.5,"Water_2","Dragon","True",6.5,235,45,"serpentine_body"
"131","Lapras","False","Water","Ice",535,130,85,80,85,95,60,1,"Blue","True",0.5,"Monster","Water_1","False",2.49,220,45,"with_fins"
"132","Ditto","False","Normal",NA,288,48,48,48,48,48,48,1,"Purple","False",NA,"Ditto",NA,"False",0.3,4,35,"head_only"
"133","Eevee","False","Normal",NA,325,55,55,50,45,65,55,1,"Brown","True",0.875,"Field",NA,"False",0.3,6.5,45,"quadruped"
"134","Vaporeon","False","Water",NA,525,130,65,60,110,95,65,1,"Blue","True",0.875,"Field",NA,"False",0.99,29,45,"quadruped"
"135","Jolteon","False","Electric",NA,525,65,65,60,110,95,130,1,"Yellow","True",0.875,"Field",NA,"False",0.79,24.5,45,"quadruped"
"136","Flareon","False","Fire",NA,525,65,130,60,95,110,65,1,"Red","True",0.875,"Field",NA,"False",0.89,25,45,"quadruped"
"137","Porygon","False","Normal",NA,395,65,60,70,85,75,40,1,"Pink","False",NA,"Mineral",NA,"False",0.79,36.5,45,"head_legs"
"138","Omanyte","False","Rock","Water",355,35,40,100,90,55,35,1,"Blue","True",0.875,"Water_1","Water_3","False",0.41,7.5,45,"several_limbs"
"139","Omastar","False","Rock","Water",495,70,60,125,115,70,55,1,"Blue","True",0.875,"Water_1","Water_3","False",0.99,35,45,"several_limbs"
"140","Kabuto","False","Rock","Water",355,30,80,90,55,45,55,1,"Brown","True",0.875,"Water_1","Water_3","False",0.51,11.5,45,"insectoid"
"141","Kabutops","False","Rock","Water",495,60,115,105,65,70,80,1,"Brown","True",0.875,"Water_1","Water_3","False",1.3,40.5,45,"bipedal_tailed"
"142","Aerodactyl","False","Rock","Flying",515,80,105,65,60,75,130,1,"Purple","True",0.875,"Flying",NA,"True",1.8,59,45,"two_wings"
"143","Snorlax","False","Normal",NA,540,160,110,65,65,110,30,1,"Black","True",0.875,"Monster",NA,"False",2.11,460,25,"bipedal_tailless"
"144","Articuno","True","Ice","Flying",580,90,85,100,95,125,85,1,"Blue","False",NA,"Undiscovered",NA,"False",1.7,55.4,3,"two_wings"
"145","Zapdos","True","Electric","Flying",580,90,90,85,125,90,100,1,"Yellow","False",NA,"Undiscovered",NA,"False",1.6,52.6,3,"two_wings"
"146","Moltres","True","Fire","Flying",580,90,100,90,125,85,90,1,"Yellow","False",NA,"Undiscovered",NA,"False",2.01,60,3,"two_wings"
"147","Dratini","False","Dragon",NA,300,41,64,45,50,50,50,1,"Blue","True",0.5,"Water_1","Dragon","False",1.8,3.3,45,"serpentine_body"
"148","Dragonair","False","Dragon",NA,420,61,84,65,70,70,70,1,"Blue","True",0.5,"Water_1","Dragon","False",3.99,16.5,45,"serpentine_body"
"149","Dragonite","False","Dragon","Flying",600,91,134,95,100,100,80,1,"Brown","True",0.5,"Water_1","Dragon","False",2.21,210,45,"bipedal_tailed"
"150","Mewtwo","True","Psychic",NA,680,106,110,90,154,90,130,1,"Purple","False",NA,"Undiscovered",NA,"True",2.01,122,3,"bipedal_tailed"
"151","Mew","False","Psychic",NA,600,100,100,100,100,100,100,1,"Pink","False",NA,"Undiscovered",NA,"False",0.41,4,45,"bipedal_tailed"
"152","Chikorita","False","Grass",NA,318,45,49,65,49,65,45,2,"Green","True",0.875,"Monster","Grass","False",0.89,6.4,45,"quadruped"
"153","Bayleef","False","Grass",NA,405,60,62,80,63,80,60,2,"Green","True",0.875,"Monster","Grass","False",1.19,15.8,45,"quadruped"
"154","Meganium","False","Grass",NA,525,80,82,100,83,100,80,2,"Green","True",0.875,"Monster","Grass","False",1.8,100.5,45,"quadruped"
"155","Cyndaquil","False","Fire",NA,309,39,52,43,60,50,65,2,"Yellow","True",0.875,"Field",NA,"False",0.51,7.9,45,"bipedal_tailless"
"156","Quilava","False","Fire",NA,405,58,64,58,80,65,80,2,"Yellow","True",0.875,"Field",NA,"False",0.89,19,45,"quadruped"
"157","Typhlosion","False","Fire",NA,534,78,84,78,109,85,100,2,"Yellow","True",0.875,"Field",NA,"False",1.7,79.5,45,"quadruped"
"158","Totodile","False","Water",NA,314,50,65,64,44,48,43,2,"Blue","True",0.875,"Monster","Water_1","False",0.61,9.5,45,"bipedal_tailed"
"159","Croconaw","False","Water",NA,405,65,80,80,59,63,58,2,"Blue","True",0.875,"Monster","Water_1","False",1.09,25,45,"bipedal_tailed"
"160","Feraligatr","False","Water",NA,530,85,105,100,79,83,78,2,"Blue","True",0.875,"Monster","Water_1","False",2.31,88.8,45,"bipedal_tailed"
"161","Sentret","False","Normal",NA,215,35,46,34,35,45,20,2,"Brown","True",0.5,"Field",NA,"False",0.79,6,255,"quadruped"
"162","Furret","False","Normal",NA,415,85,76,64,45,55,90,2,"Brown","True",0.5,"Field",NA,"False",1.8,32.5,90,"quadruped"
"163","Hoothoot","False","Normal","Flying",262,60,30,30,36,56,50,2,"Brown","True",0.5,"Flying",NA,"False",0.71,21.2,255,"two_wings"
"164","Noctowl","False","Normal","Flying",442,100,50,50,76,96,70,2,"Brown","True",0.5,"Flying",NA,"False",1.6,40.8,90,"two_wings"
"165","Ledyba","False","Bug","Flying",265,40,20,30,40,80,55,2,"Red","True",0.5,"Bug",NA,"False",0.99,10.8,255,"two_wings"
"166","Ledian","False","Bug","Flying",390,55,35,50,55,110,85,2,"Red","True",0.5,"Bug",NA,"False",1.4,35.6,90,"two_wings"
"167","Spinarak","False","Bug","Poison",250,40,60,40,40,40,30,2,"Green","True",0.5,"Bug",NA,"False",0.51,8.5,255,"insectoid"
"168","Ariados","False","Bug","Poison",390,70,90,70,60,60,40,2,"Red","True",0.5,"Bug",NA,"False",1.09,33.5,90,"insectoid"
"169","Crobat","False","Poison","Flying",535,85,90,80,70,80,130,2,"Purple","True",0.5,"Flying",NA,"False",1.8,75,90,"four_wings"
"170","Chinchou","False","Water","Electric",330,75,38,38,56,56,67,2,"Blue","True",0.5,"Water_2",NA,"False",0.51,12,190,"with_fins"
"171","Lanturn","False","Water","Electric",460,125,58,58,76,76,67,2,"Blue","True",0.5,"Water_2",NA,"False",1.19,22.5,75,"with_fins"
"172","Pichu","False","Electric",NA,205,20,40,15,35,35,60,2,"Yellow","True",0.5,"Undiscovered",NA,"False",0.3,2,190,"quadruped"
"173","Cleffa","False","Fairy",NA,218,50,25,28,45,55,15,2,"Pink","True",0.25,"Undiscovered",NA,"False",0.3,3,150,"bipedal_tailed"
"174","Igglybuff","False","Normal","Fairy",210,90,30,15,40,20,15,2,"Pink","True",0.25,"Undiscovered",NA,"False",0.3,1,170,"bipedal_tailless"
"175","Togepi","False","Fairy",NA,245,35,20,65,40,65,20,2,"White","True",0.875,"Undiscovered",NA,"False",0.3,1.5,190,"bipedal_tailless"
"176","Togetic","False","Fairy","Flying",405,55,40,85,80,105,40,2,"White","True",0.875,"Flying","Fairy","False",0.61,3.2,75,"bipedal_tailless"
"177","Natu","False","Psychic","Flying",320,40,50,45,70,45,70,2,"Green","True",0.5,"Flying",NA,"False",0.2,2,190,"two_wings"
"178","Xatu","False","Psychic","Flying",470,65,75,70,95,70,95,2,"Green","True",0.5,"Flying",NA,"False",1.5,15,75,"two_wings"
"179","Mareep","False","Electric",NA,280,55,40,40,65,45,35,2,"White","True",0.5,"Monster","Field","False",0.61,7.8,235,"quadruped"
"180","Flaaffy","False","Electric",NA,365,70,55,55,80,60,45,2,"Pink","True",0.5,"Monster","Field","False",0.79,13.3,120,"bipedal_tailed"
"181","Ampharos","False","Electric",NA,510,90,75,85,115,90,55,2,"Yellow","True",0.5,"Monster","Field","True",1.4,61.5,45,"bipedal_tailed"
"182","Bellossom","False","Grass",NA,490,75,80,95,90,100,50,2,"Green","True",0.5,"Grass",NA,"False",0.41,5.8,45,"bipedal_tailless"
"183","Marill","False","Water","Fairy",250,70,20,50,20,50,40,2,"Blue","True",0.5,"Water_1","Fairy","False",0.41,8.5,190,"bipedal_tailed"
"184","Azumarill","False","Water","Fairy",420,100,50,80,60,80,50,2,"Blue","True",0.5,"Water_1","Fairy","False",0.79,28.5,75,"bipedal_tailed"
"185","Sudowoodo","False","Rock",NA,410,70,100,115,30,65,30,2,"Brown","True",0.5,"Mineral",NA,"False",1.19,38,65,"bipedal_tailless"
"186","Politoed","False","Water",NA,500,90,75,75,90,100,70,2,"Green","True",0.5,"Water_1",NA,"False",1.09,33.9,45,"bipedal_tailed"
"187","Hoppip","False","Grass","Flying",250,35,35,40,35,55,50,2,"Pink","True",0.5,"Fairy","Grass","False",0.41,0.5,255,"bipedal_tailed"
"188","Skiploom","False","Grass","Flying",340,55,45,50,45,65,80,2,"Green","True",0.5,"Fairy","Grass","False",0.61,1,120,"bipedal_tailed"
"189","Jumpluff","False","Grass","Flying",460,75,55,70,55,95,110,2,"Blue","True",0.5,"Fairy","Grass","False",0.79,3,45,"bipedal_tailed"
"190","Aipom","False","Normal",NA,360,55,70,55,40,55,85,2,"Purple","True",0.5,"Field",NA,"False",0.79,11.5,45,"bipedal_tailed"
"191","Sunkern","False","Grass",NA,180,30,30,30,30,30,30,2,"Yellow","True",0.5,"Grass",NA,"False",0.3,1.8,235,"head_only"
"192","Sunflora","False","Grass",NA,425,75,75,55,105,85,30,2,"Yellow","True",0.5,"Grass",NA,"False",0.79,8.5,120,"bipedal_tailless"
"193","Yanma","False","Bug","Flying",390,65,65,45,75,45,95,2,"Red","True",0.5,"Bug",NA,"False",1.19,38,75,"four_wings"
"194","Wooper","False","Water","Ground",210,55,45,45,25,25,15,2,"Blue","True",0.5,"Water_1","Field","False",0.41,8.5,255,"head_legs"
"195","Quagsire","False","Water","Ground",430,95,85,85,65,65,35,2,"Blue","True",0.5,"Water_1","Field","False",1.4,75,90,"bipedal_tailed"
"196","Espeon","False","Psychic",NA,525,65,65,60,130,95,110,2,"Purple","True",0.875,"Field",NA,"False",0.89,26.5,45,"quadruped"
"197","Umbreon","False","Dark",NA,525,95,65,110,60,130,65,2,"Black","True",0.875,"Field",NA,"False",0.99,27,45,"quadruped"
"198","Murkrow","False","Dark","Flying",405,60,85,42,85,42,91,2,"Black","True",0.5,"Flying",NA,"False",0.51,2.1,30,"two_wings"
"199","Slowking","False","Water","Psychic",490,95,75,80,100,110,30,2,"Pink","True",0.5,"Monster","Water_1","False",2.01,79.5,70,"bipedal_tailed"
"200","Misdreavus","False","Ghost",NA,435,60,60,60,85,85,85,2,"Purple","True",0.5,"Amorphous",NA,"False",0.71,1,45,"head_only"
"201","Unown","False","Psychic",NA,336,48,72,48,72,48,48,2,"Black","False",NA,"Undiscovered",NA,"False",0.51,5,225,"head_only"
"202","Wobbuffet","False","Psychic",NA,405,190,33,58,33,58,33,2,"Blue","True",0.5,"Amorphous",NA,"False",1.3,28.5,45,"head_base"
"203","Girafarig","False","Normal","Psychic",455,70,80,65,90,65,85,2,"Yellow","True",0.5,"Field",NA,"False",1.5,41.5,60,"quadruped"
"204","Pineco","False","Bug",NA,290,50,65,90,35,35,15,2,"Grey","True",0.5,"Bug",NA,"False",0.61,7.2,190,"head_only"
"205","Forretress","False","Bug","Steel",465,75,90,140,60,60,40,2,"Purple","True",0.5,"Bug",NA,"False",1.19,125.8,75,"head_only"
"206","Dunsparce","False","Normal",NA,415,100,70,70,65,65,45,2,"Yellow","True",0.5,"Field",NA,"False",1.5,14,190,"serpentine_body"
"207","Gligar","False","Ground","Flying",430,65,75,105,35,65,85,2,"Purple","True",0.5,"Bug",NA,"False",1.09,64.8,60,"two_wings"
"208","Steelix","False","Steel","Ground",510,75,85,200,55,65,30,2,"Grey","True",0.5,"Mineral",NA,"True",9.19,400,25,"serpentine_body"
"209","Snubbull","False","Fairy",NA,300,60,80,50,40,40,30,2,"Pink","True",0.25,"Field","Fairy","False",0.61,7.8,190,"bipedal_tailless"
"210","Granbull","False","Fairy",NA,450,90,120,75,60,60,45,2,"Purple","True",0.25,"Field","Fairy","False",1.4,48.7,75,"bipedal_tailed"
"211","Qwilfish","False","Water","Poison",430,65,95,75,55,55,85,2,"Grey","True",0.5,"Water_2",NA,"False",0.51,3.9,45,"with_fins"
"212","Scizor","False","Bug","Steel",500,70,130,100,55,80,65,2,"Red","True",0.5,"Bug",NA,"True",1.8,118,25,"four_wings"
"213","Shuckle","False","Bug","Rock",505,20,10,230,10,230,5,2,"Yellow","True",0.5,"Bug",NA,"False",0.61,20.5,190,"insectoid"
"214","Heracross","False","Bug","Fighting",500,80,125,75,40,95,85,2,"Blue","True",0.5,"Bug",NA,"True",1.5,54,45,"bipedal_tailless"
"215","Sneasel","False","Dark","Ice",430,55,95,55,35,75,115,2,"Black","True",0.5,"Field",NA,"False",0.89,28,60,"bipedal_tailed"
"216","Teddiursa","False","Normal",NA,330,60,80,50,50,50,40,2,"Brown","True",0.5,"Field",NA,"False",0.61,8.8,120,"bipedal_tailed"
"217","Ursaring","False","Normal",NA,500,90,130,75,75,75,55,2,"Brown","True",0.5,"Field",NA,"False",1.8,125.8,60,"bipedal_tailed"
"218","Slugma","False","Fire",NA,250,40,40,40,70,40,20,2,"Red","True",0.5,"Amorphous",NA,"False",0.71,35,190,"serpentine_body"
"219","Magcargo","False","Fire","Rock",410,50,50,120,80,80,30,2,"Red","True",0.5,"Amorphous",NA,"False",0.79,55,75,"serpentine_body"
"220","Swinub","False","Ice","Ground",250,50,50,40,30,30,50,2,"Brown","True",0.5,"Field",NA,"False",0.41,6.5,225,"quadruped"
"221","Piloswine","False","Ice","Ground",450,100,100,80,60,60,50,2,"Brown","True",0.5,"Field",NA,"False",1.09,55.8,75,"quadruped"
"222","Corsola","False","Water","Rock",380,55,55,85,65,85,35,2,"Pink","True",0.25,"Water_1","Water_3","False",0.61,5,60,"insectoid"
"223","Remoraid","False","Water",NA,300,35,65,35,65,35,65,2,"Grey","True",0.5,"Water_1","Water_2","False",0.61,12,190,"with_fins"
"224","Octillery","False","Water",NA,480,75,105,75,105,75,45,2,"Red","True",0.5,"Water_1","Water_2","False",0.89,28.5,75,"several_limbs"
"225","Delibird","False","Ice","Flying",330,45,55,45,65,45,75,2,"Red","True",0.5,"Water_1","Field","False",0.89,16,45,"two_wings"
"226","Mantine","False","Water","Flying",465,65,40,70,80,140,70,2,"Purple","True",0.5,"Water_1",NA,"False",2.11,220,25,"two_wings"
"227","Skarmory","False","Steel","Flying",465,65,80,140,40,70,70,2,"Grey","True",0.5,"Flying",NA,"False",1.7,50.5,25,"two_wings"
"228","Houndour","False","Dark","Fire",330,45,60,30,80,50,65,2,"Black","True",0.5,"Field",NA,"False",0.61,10.8,120,"quadruped"
"229","Houndoom","False","Dark","Fire",500,75,90,50,110,80,95,2,"Black","True",0.5,"Field",NA,"True",1.4,35,45,"quadruped"
"230","Kingdra","False","Water","Dragon",540,75,95,95,95,95,85,2,"Blue","True",0.5,"Water_1","Dragon","False",1.8,152,45,"head_base"
"231","Phanpy","False","Ground",NA,330,90,60,60,40,40,40,2,"Blue","True",0.5,"Field",NA,"False",0.51,33.5,120,"quadruped"
"232","Donphan","False","Ground",NA,500,90,120,120,60,60,50,2,"Grey","True",0.5,"Field",NA,"False",1.09,120,60,"quadruped"
"233","Porygon2","False","Normal",NA,515,85,80,90,105,95,60,2,"Red","False",NA,"Mineral",NA,"False",0.61,32.5,45,"head_legs"
"234","Stantler","False","Normal",NA,465,73,95,62,85,65,85,2,"Brown","True",0.5,"Field",NA,"False",1.4,71.2,45,"quadruped"
"235","Smeargle","False","Normal",NA,250,55,20,35,20,45,75,2,"White","True",0.5,"Field",NA,"False",1.19,58,45,"bipedal_tailed"
"236","Tyrogue","False","Fighting",NA,210,35,35,35,35,35,35,2,"Purple","True",1,"Undiscovered",NA,"False",0.71,21,75,"bipedal_tailless"
"237","Hitmontop","False","Fighting",NA,455,50,95,95,35,110,70,2,"Brown","True",1,"Human-Like",NA,"False",1.4,48,45,"bipedal_tailed"
"238","Smoochum","False","Ice","Psychic",305,45,30,15,85,65,65,2,"Pink","True",0,"Undiscovered",NA,"False",0.41,6,45,"bipedal_tailless"
"239","Elekid","False","Electric",NA,360,45,63,37,65,55,95,2,"Yellow","True",0.75,"Undiscovered",NA,"False",0.61,23.5,45,"bipedal_tailless"
"240","Magby","False","Fire",NA,365,45,75,37,70,55,83,2,"Red","True",0.75,"Undiscovered",NA,"False",0.71,21.4,45,"bipedal_tailed"
"241","Miltank","False","Normal",NA,490,95,80,105,40,70,100,2,"Pink","True",0,"Field",NA,"False",1.19,75.5,45,"bipedal_tailed"
"242","Blissey","False","Normal",NA,540,255,10,10,75,135,55,2,"Pink","True",0,"Fairy",NA,"False",1.5,46.8,30,"bipedal_tailless"
"243","Raikou","True","Electric",NA,580,90,85,75,115,100,115,2,"Yellow","False",NA,"Undiscovered",NA,"False",1.91,178,3,"quadruped"
"244","Entei","True","Fire",NA,580,115,115,85,90,75,100,2,"Brown","False",NA,"Undiscovered",NA,"False",2.11,198,3,"quadruped"
"245","Suicune","True","Water",NA,580,100,75,115,90,115,85,2,"Blue","False",NA,"Undiscovered",NA,"False",2.01,187,3,"quadruped"
"246","Larvitar","False","Rock","Ground",300,50,64,50,45,50,41,2,"Green","True",0.5,"Monster",NA,"False",0.61,72,45,"bipedal_tailed"
"247","Pupitar","False","Rock","Ground",410,70,84,70,65,70,51,2,"Grey","True",0.5,"Monster",NA,"False",1.19,152,45,"serpentine_body"
"248","Tyranitar","False","Rock","Dark",600,100,134,110,95,100,61,2,"Green","True",0.5,"Monster",NA,"True",2.01,202,45,"bipedal_tailed"
"249","Lugia","True","Psychic","Flying",680,106,90,130,90,154,110,2,"White","False",NA,"Undiscovered",NA,"False",5.21,216,3,"two_wings"
"250","Ho-Oh","True","Fire","Flying",680,106,130,90,110,154,90,2,"Red","False",NA,"Undiscovered",NA,"False",3.81,199,3,"two_wings"
"251","Celebi","False","Psychic","Grass",600,100,100,100,100,100,100,2,"Green","False",NA,"Undiscovered",NA,"False",0.61,5,45,"bipedal_tailless"
"252","Treecko","False","Grass",NA,310,40,45,35,65,55,70,3,"Green","True",0.875,"Monster","Dragon","False",0.51,5,45,"bipedal_tailed"
"253","Grovyle","False","Grass",NA,405,50,65,45,85,65,95,3,"Green","True",0.875,"Monster","Dragon","False",0.89,21.6,45,"bipedal_tailed"
"254","Sceptile","False","Grass",NA,530,70,85,65,105,85,120,3,"Green","True",0.875,"Monster","Dragon","True",1.7,52.2,45,"bipedal_tailed"
"255","Torchic","False","Fire",NA,310,45,60,40,70,50,45,3,"Red","True",0.875,"Field",NA,"False",0.41,2.5,45,"head_legs"
"256","Combusken","False","Fire","Fighting",405,60,85,60,85,60,55,3,"Red","True",0.875,"Field",NA,"False",0.89,19.5,45,"bipedal_tailed"
"257","Blaziken","False","Fire","Fighting",530,80,120,70,110,70,80,3,"Red","True",0.875,"Field",NA,"True",1.91,52,45,"bipedal_tailed"
"258","Mudkip","False","Water",NA,310,50,70,50,50,50,40,3,"Blue","True",0.875,"Monster","Water_1","False",0.41,7.6,45,"quadruped"
"259","Marshtomp","False","Water","Ground",405,70,85,70,60,70,50,3,"Blue","True",0.875,"Monster","Water_1","False",0.71,28,45,"bipedal_tailed"
"260","Swampert","False","Water","Ground",535,100,110,90,85,90,60,3,"Blue","True",0.875,"Monster","Water_1","True",1.5,81.9,45,"bipedal_tailed"
"261","Poochyena","False","Dark",NA,220,35,55,35,30,30,35,3,"Grey","True",0.5,"Field",NA,"False",0.51,13.6,255,"quadruped"
"262","Mightyena","False","Dark",NA,420,70,90,70,60,60,70,3,"Grey","True",0.5,"Field",NA,"False",0.99,37,127,"quadruped"
"263","Zigzagoon","False","Normal",NA,240,38,30,41,30,41,60,3,"Brown","True",0.5,"Field",NA,"False",0.41,17.5,255,"quadruped"
"264","Linoone","False","Normal",NA,420,78,70,61,50,61,100,3,"White","True",0.5,"Field",NA,"False",0.51,32.5,90,"quadruped"
"265","Wurmple","False","Bug",NA,195,45,45,35,20,30,20,3,"Red","True",0.5,"Bug",NA,"False",0.3,3.6,255,"serpentine_body"
"266","Silcoon","False","Bug",NA,205,50,35,55,25,25,15,3,"White","True",0.5,"Bug",NA,"False",0.61,10,120,"head_only"
"267","Beautifly","False","Bug","Flying",395,60,70,50,100,50,65,3,"Yellow","True",0.5,"Bug",NA,"False",0.99,28.4,45,"four_wings"
"268","Cascoon","False","Bug",NA,205,50,35,55,25,25,15,3,"Purple","True",0.5,"Bug",NA,"False",0.71,11.5,120,"head_only"
"269","Dustox","False","Bug","Poison",385,60,50,70,50,90,65,3,"Green","True",0.5,"Bug",NA,"False",1.19,31.6,45,"four_wings"
"270","Lotad","False","Water","Grass",220,40,30,30,40,50,30,3,"Green","True",0.5,"Water_1","Grass","False",0.51,2.6,255,"insectoid"
"271","Lombre","False","Water","Grass",340,60,50,50,60,70,50,3,"Green","True",0.5,"Water_1","Grass","False",1.19,32.5,120,"bipedal_tailless"
"272","Ludicolo","False","Water","Grass",480,80,70,70,90,100,70,3,"Green","True",0.5,"Water_1","Grass","False",1.5,55,45,"bipedal_tailless"
"273","Seedot","False","Grass",NA,220,40,40,50,30,30,30,3,"Brown","True",0.5,"Field","Grass","False",0.51,4,255,"head_legs"
"274","Nuzleaf","False","Grass","Dark",340,70,70,40,60,40,60,3,"Brown","True",0.5,"Field","Grass","False",0.99,28,120,"bipedal_tailless"
"275","Shiftry","False","Grass","Dark",480,90,100,60,90,60,80,3,"Brown","True",0.5,"Field","Grass","False",1.3,59.6,45,"bipedal_tailless"
"276","Taillow","False","Normal","Flying",270,40,55,30,30,30,85,3,"Blue","True",0.5,"Flying",NA,"False",0.3,2.3,200,"two_wings"
"277","Swellow","False","Normal","Flying",430,60,85,60,50,50,125,3,"Blue","True",0.5,"Flying",NA,"False",0.71,19.8,45,"two_wings"
"278","Wingull","False","Water","Flying",270,40,30,30,55,30,85,3,"White","True",0.5,"Water_1","Flying","False",0.61,9.5,190,"two_wings"
"279","Pelipper","False","Water","Flying",430,60,50,100,85,70,65,3,"Yellow","True",0.5,"Water_1","Flying","False",1.19,28,45,"two_wings"
"280","Ralts","False","Psychic","Fairy",198,28,25,25,45,35,40,3,"White","True",0.5,"Amorphous",NA,"False",0.41,6.6,235,"bipedal_tailless"
"281","Kirlia","False","Psychic","Fairy",278,38,35,35,65,55,50,3,"White","True",0.5,"Amorphous",NA,"False",0.79,20.2,120,"bipedal_tailless"
"282","Gardevoir","False","Psychic","Fairy",518,68,65,65,125,115,80,3,"White","True",0.5,"Amorphous",NA,"True",1.6,48.4,45,"bipedal_tailless"
"283","Surskit","False","Bug","Water",269,40,30,32,50,52,65,3,"Blue","True",0.5,"Water_1","Bug","False",0.51,1.7,200,"insectoid"
"284","Masquerain","False","Bug","Flying",414,70,60,62,80,82,60,3,"Blue","True",0.5,"Water_1","Bug","False",0.79,3.6,75,"four_wings"
"285","Shroomish","False","Grass",NA,295,60,40,60,40,60,35,3,"Brown","True",0.5,"Fairy","Grass","False",0.41,4.5,255,"head_legs"
"286","Breloom","False","Grass","Fighting",460,60,130,80,60,60,70,3,"Green","True",0.5,"Fairy","Grass","False",1.19,39.2,90,"bipedal_tailed"
"287","Slakoth","False","Normal",NA,280,60,60,60,35,35,30,3,"Brown","True",0.5,"Field",NA,"False",0.79,24,255,"quadruped"
"288","Vigoroth","False","Normal",NA,440,80,80,80,55,55,90,3,"White","True",0.5,"Field",NA,"False",1.4,46.5,120,"bipedal_tailed"
"289","Slaking","False","Normal",NA,670,150,160,100,95,65,100,3,"Brown","True",0.5,"Field",NA,"False",2.01,130.5,45,"bipedal_tailless"
"290","Nincada","False","Bug","Ground",266,31,45,90,30,30,40,3,"Grey","True",0.5,"Bug",NA,"False",0.51,5.5,255,"insectoid"
"291","Ninjask","False","Bug","Flying",456,61,90,45,50,50,160,3,"Yellow","True",0.5,"Bug",NA,"False",0.79,12,120,"four_wings"
"292","Shedinja","False","Bug","Ghost",236,1,90,45,30,30,40,3,"Brown","False",NA,"Mineral",NA,"False",0.79,1.2,45,"head_base"
"293","Whismur","False","Normal",NA,240,64,51,23,51,23,28,3,"Pink","True",0.5,"Monster","Field","False",0.61,16.3,190,"bipedal_tailed"
"294","Loudred","False","Normal",NA,360,84,71,43,71,43,48,3,"Blue","True",0.5,"Monster","Field","False",0.99,40.5,120,"bipedal_tailed"
"295","Exploud","False","Normal",NA,490,104,91,63,91,73,68,3,"Blue","True",0.5,"Monster","Field","False",1.5,84,45,"bipedal_tailed"
"296","Makuhita","False","Fighting",NA,237,72,60,30,20,30,25,3,"Yellow","True",0.75,"Human-Like",NA,"False",0.99,86.4,180,"bipedal_tailless"
"297","Hariyama","False","Fighting",NA,474,144,120,60,40,60,50,3,"Brown","True",0.75,"Human-Like",NA,"False",2.31,253.8,200,"bipedal_tailless"
"298","Azurill","False","Normal","Fairy",190,50,20,40,20,40,20,3,"Blue","True",0.25,"Undiscovered",NA,"False",0.2,2,150,"head_legs"
"299","Nosepass","False","Rock",NA,375,30,45,135,45,90,30,3,"Grey","True",0.5,"Mineral",NA,"False",0.99,97,255,"bipedal_tailless"
"300","Skitty","False","Normal",NA,260,50,45,45,35,35,50,3,"Pink","True",0.25,"Field","Fairy","False",0.61,11,255,"quadruped"
"301","Delcatty","False","Normal",NA,380,70,65,65,55,55,70,3,"Purple","True",0.25,"Field","Fairy","False",1.09,32.6,60,"quadruped"
"302","Sableye","False","Dark","Ghost",380,50,75,75,65,65,50,3,"Purple","True",0.5,"Human-Like",NA,"True",0.51,11,45,"bipedal_tailless"
"303","Mawile","False","Steel","Fairy",380,50,85,85,55,55,50,3,"Black","True",0.5,"Field","Fairy","True",0.61,11.5,45,"bipedal_tailless"
"304","Aron","False","Steel","Rock",330,50,70,100,40,40,30,3,"Grey","True",0.5,"Monster",NA,"False",0.41,60,180,"quadruped"
"305","Lairon","False","Steel","Rock",430,60,90,140,50,50,40,3,"Grey","True",0.5,"Monster",NA,"False",0.89,120,90,"quadruped"
"306","Aggron","False","Steel","Rock",530,70,110,180,60,60,50,3,"Grey","True",0.5,"Monster",NA,"True",2.11,360,45,"bipedal_tailed"
"307","Meditite","False","Fighting","Psychic",280,30,40,55,40,55,60,3,"Blue","True",0.5,"Human-Like",NA,"False",0.61,11.2,180,"bipedal_tailless"
"308","Medicham","False","Fighting","Psychic",410,60,60,75,60,75,80,3,"Red","True",0.5,"Human-Like",NA,"True",1.3,31.5,90,"bipedal_tailless"
"309","Electrike","False","Electric",NA,295,40,45,40,65,40,65,3,"Green","True",0.5,"Field",NA,"False",0.61,15.2,120,"quadruped"
"310","Manectric","False","Electric",NA,475,70,75,60,105,60,105,3,"Yellow","True",0.5,"Field",NA,"True",1.5,40.2,45,"quadruped"
"311","Plusle","False","Electric",NA,405,60,50,40,85,75,95,3,"Yellow","True",0.5,"Fairy",NA,"False",0.41,4.2,200,"bipedal_tailed"
"312","Minun","False","Electric",NA,405,60,40,50,75,85,95,3,"Yellow","True",0.5,"Fairy",NA,"False",0.41,4.2,200,"bipedal_tailed"
"313","Volbeat","False","Bug",NA,400,65,73,55,47,75,85,3,"Grey","True",1,"Bug","Human-Like","False",0.71,17.7,150,"bipedal_tailed"
"314","Illumise","False","Bug",NA,400,65,47,55,73,75,85,3,"Purple","True",0,"Bug","Human-Like","False",0.61,17.7,150,"bipedal_tailless"
"315","Roselia","False","Grass","Poison",400,50,60,45,100,80,65,3,"Green","True",0.5,"Fairy","Grass","False",0.3,2,150,"bipedal_tailless"
"316","Gulpin","False","Poison",NA,302,70,43,53,43,53,40,3,"Green","True",0.5,"Amorphous",NA,"False",0.41,10.3,225,"head_arms"
"317","Swalot","False","Poison",NA,467,100,73,83,73,83,55,3,"Purple","True",0.5,"Amorphous",NA,"False",1.7,80,75,"head_arms"
"318","Carvanha","False","Water","Dark",305,45,90,20,65,20,65,3,"Red","True",0.5,"Water_2",NA,"False",0.79,20.8,225,"with_fins"
"319","Sharpedo","False","Water","Dark",460,70,120,40,95,40,95,3,"Blue","True",0.5,"Water_2",NA,"True",1.8,88.8,60,"with_fins"
"320","Wailmer","False","Water",NA,400,130,70,35,70,35,60,3,"Blue","True",0.5,"Field","Water_2","False",2.01,130,125,"with_fins"
"321","Wailord","False","Water",NA,500,170,90,45,90,45,60,3,"Blue","True",0.5,"Field","Water_2","False",14.5,398,60,"with_fins"
"322","Numel","False","Fire","Ground",305,60,60,40,65,45,35,3,"Yellow","True",0.5,"Field",NA,"False",0.71,24,255,"quadruped"
"323","Camerupt","False","Fire","Ground",460,70,100,70,105,75,40,3,"Red","True",0.5,"Field",NA,"True",1.91,220,150,"quadruped"
"324","Torkoal","False","Fire",NA,470,70,85,140,85,70,20,3,"Brown","True",0.5,"Field",NA,"False",0.51,80.4,90,"quadruped"
"325","Spoink","False","Psychic",NA,330,60,25,35,70,80,60,3,"Black","True",0.5,"Field",NA,"False",0.71,30.6,255,"head_arms"
"326","Grumpig","False","Psychic",NA,470,80,45,65,90,110,80,3,"Purple","True",0.5,"Field",NA,"False",0.89,71.5,60,"bipedal_tailed"
"327","Spinda","False","Normal",NA,360,60,60,60,60,60,60,3,"Brown","True",0.5,"Field","Human-Like","False",1.09,5,255,"bipedal_tailed"
"328","Trapinch","False","Ground",NA,290,45,100,45,45,45,10,3,"Brown","True",0.5,"Bug",NA,"False",0.71,15,255,"insectoid"
"329","Vibrava","False","Ground","Dragon",340,50,70,50,50,50,70,3,"Green","True",0.5,"Bug",NA,"False",1.09,15.3,120,"four_wings"
"330","Flygon","False","Ground","Dragon",520,80,100,80,80,80,100,3,"Green","True",0.5,"Bug",NA,"False",2.01,82,45,"two_wings"
"331","Cacnea","False","Grass",NA,335,50,85,40,85,40,35,3,"Green","True",0.5,"Grass","Human-Like","False",0.41,51.3,190,"bipedal_tailless"
"332","Cacturne","False","Grass","Dark",475,70,115,60,115,60,55,3,"Green","True",0.5,"Grass","Human-Like","False",1.3,77.4,60,"bipedal_tailless"
"333","Swablu","False","Normal","Flying",310,45,40,60,40,75,50,3,"Blue","True",0.5,"Flying","Dragon","False",0.41,1.2,255,"two_wings"
"334","Altaria","False","Dragon","Flying",490,75,70,90,70,105,80,3,"Blue","True",0.5,"Flying","Dragon","True",1.09,20.6,45,"two_wings"
"335","Zangoose","False","Normal",NA,458,73,115,60,60,60,90,3,"White","True",0.5,"Field",NA,"False",1.3,40.3,90,"bipedal_tailed"
"336","Seviper","False","Poison",NA,458,73,100,60,100,60,65,3,"Black","True",0.5,"Field","Dragon","False",2.69,52.5,90,"serpentine_body"
"337","Lunatone","False","Rock","Psychic",440,70,55,65,95,85,70,3,"Yellow","False",NA,"Mineral",NA,"False",0.99,168,45,"head_only"
"338","Solrock","False","Rock","Psychic",440,70,95,85,55,65,70,3,"Red","False",NA,"Mineral",NA,"False",1.19,154,45,"head_only"
"339","Barboach","False","Water","Ground",288,50,48,43,46,41,60,3,"Grey","True",0.5,"Water_2",NA,"False",0.41,1.9,190,"with_fins"
"340","Whiscash","False","Water","Ground",468,110,78,73,76,71,60,3,"Blue","True",0.5,"Water_2",NA,"False",0.89,23.6,75,"with_fins"
"341","Corphish","False","Water",NA,308,43,80,65,50,35,35,3,"Red","True",0.5,"Water_1","Water_3","False",0.61,11.5,205,"insectoid"
"342","Crawdaunt","False","Water","Dark",468,63,120,85,90,55,55,3,"Red","True",0.5,"Water_1","Water_3","False",1.09,32.8,155,"insectoid"
"343","Baltoy","False","Ground","Psychic",300,40,40,55,40,70,55,3,"Brown","False",NA,"Mineral",NA,"False",0.51,21.5,255,"head_arms"
"344","Claydol","False","Ground","Psychic",500,60,70,105,70,120,75,3,"Black","False",NA,"Mineral",NA,"False",1.5,108,90,"head_arms"
"345","Lileep","False","Rock","Grass",355,66,41,77,61,87,23,3,"Purple","True",0.875,"Water_3",NA,"False",0.99,23.8,45,"head_base"
"346","Cradily","False","Rock","Grass",495,86,81,97,81,107,43,3,"Green","True",0.875,"Water_3",NA,"False",1.5,60.4,45,"head_base"
"347","Anorith","False","Rock","Bug",355,45,95,50,40,50,75,3,"Grey","True",0.875,"Water_3",NA,"False",0.71,12.5,45,"insectoid"
"348","Armaldo","False","Rock","Bug",495,75,125,100,70,80,45,3,"Grey","True",0.875,"Water_3",NA,"False",1.5,68.2,45,"bipedal_tailed"
"349","Feebas","False","Water",NA,200,20,15,20,10,55,80,3,"Brown","True",0.5,"Water_1","Dragon","False",0.61,7.4,255,"with_fins"
"350","Milotic","False","Water",NA,540,95,60,79,100,125,81,3,"Pink","True",0.5,"Water_1","Dragon","False",6.2,162,60,"serpentine_body"
"351","Castform","False","Normal",NA,420,70,70,70,70,70,70,3,"White","True",0.5,"Fairy","Amorphous","False",0.3,0.8,45,"head_only"
"352","Kecleon","False","Normal",NA,440,60,90,70,60,120,40,3,"Green","True",0.5,"Field",NA,"False",0.99,22,200,"bipedal_tailed"
"353","Shuppet","False","Ghost",NA,295,44,75,35,63,33,45,3,"Black","True",0.5,"Amorphous",NA,"False",0.61,2.3,225,"head_only"
"354","Banette","False","Ghost",NA,455,64,115,65,83,63,65,3,"Black","True",0.5,"Amorphous",NA,"True",1.09,12.5,45,"bipedal_tailed"
"355","Duskull","False","Ghost",NA,295,20,40,90,30,90,25,3,"Black","True",0.5,"Amorphous",NA,"False",0.79,15,190,"head_arms"
"356","Dusclops","False","Ghost",NA,455,40,70,130,60,130,25,3,"Black","True",0.5,"Amorphous",NA,"False",1.6,30.6,90,"bipedal_tailless"
"357","Tropius","False","Grass","Flying",460,99,68,83,72,87,51,3,"Green","True",0.5,"Monster","Grass","False",2.01,100,200,"quadruped"
"358","Chimecho","False","Psychic",NA,425,65,50,70,95,80,65,3,"Blue","True",0.5,"Amorphous",NA,"False",0.61,1,45,"head_arms"
"359","Absol","False","Dark",NA,465,65,130,60,75,60,75,3,"White","True",0.5,"Field",NA,"True",1.19,47,30,"quadruped"
"360","Wynaut","False","Psychic",NA,260,95,23,48,23,48,23,3,"Blue","True",0.5,"Undiscovered",NA,"False",0.61,14,125,"bipedal_tailed"
"361","Snorunt","False","Ice",NA,300,50,50,50,50,50,50,3,"Grey","True",0.5,"Fairy","Mineral","False",0.71,16.8,190,"bipedal_tailless"
"362","Glalie","False","Ice",NA,480,80,80,80,80,80,80,3,"Grey","True",0.5,"Fairy","Mineral","True",1.5,256.5,75,"head_only"
"363","Spheal","False","Ice","Water",290,70,40,50,55,50,25,3,"Blue","True",0.5,"Water_1","Field","False",0.79,39.5,255,"with_fins"
"364","Sealeo","False","Ice","Water",410,90,60,70,75,70,45,3,"Blue","True",0.5,"Water_1","Field","False",1.09,87.6,120,"with_fins"
"365","Walrein","False","Ice","Water",530,110,80,90,95,90,65,3,"Blue","True",0.5,"Water_1","Field","False",1.4,150.6,45,"quadruped"
"366","Clamperl","False","Water",NA,345,35,64,85,74,55,32,3,"Blue","True",0.5,"Water_1",NA,"False",0.41,52.5,255,"head_only"
"367","Huntail","False","Water",NA,485,55,104,105,94,75,52,3,"Blue","True",0.5,"Water_1",NA,"False",1.7,27,60,"serpentine_body"
"368","Gorebyss","False","Water",NA,485,55,84,105,114,75,52,3,"Pink","True",0.5,"Water_1",NA,"False",1.8,22.6,60,"serpentine_body"
"369","Relicanth","False","Water","Rock",485,100,90,130,45,65,55,3,"Grey","True",0.875,"Water_1","Water_2","False",0.99,23.4,25,"with_fins"
"370","Luvdisc","False","Water",NA,330,43,30,55,40,65,97,3,"Pink","True",0.25,"Water_2",NA,"False",0.61,8.7,225,"with_fins"
"371","Bagon","False","Dragon",NA,300,45,75,60,40,30,50,3,"Blue","True",0.5,"Dragon",NA,"False",0.61,42.1,45,"bipedal_tailless"
"372","Shelgon","False","Dragon",NA,420,65,95,100,60,50,50,3,"White","True",0.5,"Dragon",NA,"False",1.09,110.5,45,"quadruped"
"373","Salamence","False","Dragon","Flying",600,95,135,80,110,80,100,3,"Blue","True",0.5,"Dragon",NA,"True",1.5,102.6,45,"quadruped"
"374","Beldum","False","Steel","Psychic",300,40,55,80,35,60,30,3,"Blue","False",NA,"Mineral",NA,"False",0.61,95.2,3,"head_base"
"375","Metang","False","Steel","Psychic",420,60,75,100,55,80,50,3,"Blue","False",NA,"Mineral",NA,"False",1.19,202.5,3,"head_arms"
"376","Metagross","False","Steel","Psychic",600,80,135,130,95,90,70,3,"Blue","False",NA,"Mineral",NA,"True",1.6,550,3,"multiple_bodies"
"377","Regirock","True","Rock",NA,580,80,100,200,50,100,50,3,"Brown","False",NA,"Undiscovered",NA,"False",1.7,230,3,"bipedal_tailless"
"378","Regice","True","Ice",NA,580,80,50,100,100,200,50,3,"Blue","False",NA,"Undiscovered",NA,"False",1.8,175,3,"bipedal_tailless"
"379","Registeel","True","Steel",NA,580,80,75,150,75,150,50,3,"Grey","False",NA,"Undiscovered",NA,"False",1.91,205,3,"bipedal_tailless"
"380","Latias","True","Dragon","Psychic",600,80,80,90,110,130,110,3,"Red","True",0,"Undiscovered",NA,"True",1.4,40,3,"two_wings"
"381","Latios","True","Dragon","Psychic",600,80,90,80,130,110,110,3,"Blue","True",1,"Undiscovered",NA,"True",2.01,60,3,"two_wings"
"382","Kyogre","True","Water",NA,670,100,100,90,150,140,90,3,"Blue","False",NA,"Undiscovered",NA,"False",4.5,352,3,"with_fins"
"383","Groudon","True","Ground",NA,670,100,150,140,100,90,90,3,"Red","False",NA,"Undiscovered",NA,"False",3.51,950,3,"bipedal_tailed"
"384","Rayquaza","True","Dragon","Flying",680,105,150,90,150,90,95,3,"Green","False",NA,"Undiscovered",NA,"True",7.01,206.5,45,"serpentine_body"
"385","Jirachi","True","Steel","Psychic",600,100,100,100,100,100,100,3,"Yellow","False",NA,"Undiscovered",NA,"False",0.3,1.1,3,"bipedal_tailless"
"386","Deoxys","True","Psychic",NA,600,50,150,50,150,50,150,3,"Red","False",NA,"Undiscovered",NA,"False",1.7,60.8,3,"bipedal_tailless"
"387","Turtwig","False","Grass",NA,318,55,68,64,45,55,31,4,"Green","True",0.875,"Monster","Grass","False",0.41,10.2,45,"quadruped"
"388","Grotle","False","Grass",NA,405,75,89,85,55,65,36,4,"Green","True",0.875,"Monster","Grass","False",1.09,97,45,"quadruped"
"389","Torterra","False","Grass","Ground",525,95,109,105,75,85,56,4,"Green","True",0.875,"Monster","Grass","False",2.21,310,45,"quadruped"
"390","Chimchar","False","Fire",NA,309,44,58,44,58,44,61,4,"Brown","True",0.875,"Field","Human-Like","False",0.51,6.2,45,"bipedal_tailed"
"391","Monferno","False","Fire","Fighting",405,64,78,52,78,52,81,4,"Brown","True",0.875,"Field","Human-Like","False",0.89,22,45,"bipedal_tailed"
"392","Infernape","False","Fire","Fighting",534,76,104,71,104,71,108,4,"Brown","True",0.875,"Field","Human-Like","False",1.19,55,45,"bipedal_tailed"
"393","Piplup","False","Water",NA,314,53,51,53,61,56,40,4,"Blue","True",0.875,"Water_1","Field","False",0.41,5.2,45,"bipedal_tailless"
"394","Prinplup","False","Water",NA,405,64,66,68,81,76,50,4,"Blue","True",0.875,"Water_1","Field","False",0.79,23,45,"bipedal_tailed"
"395","Empoleon","False","Water","Steel",530,84,86,88,111,101,60,4,"Blue","True",0.875,"Water_1","Field","False",1.7,84.5,45,"bipedal_tailed"
"396","Starly","False","Normal","Flying",245,40,55,30,30,30,60,4,"Brown","True",0.5,"Flying",NA,"False",0.3,2,255,"two_wings"
"397","Staravia","False","Normal","Flying",340,55,75,50,40,40,80,4,"Brown","True",0.5,"Flying",NA,"False",0.61,15.5,120,"two_wings"
"398","Staraptor","False","Normal","Flying",485,85,120,70,50,60,100,4,"Brown","True",0.5,"Flying",NA,"False",1.19,24.9,45,"two_wings"
"399","Bidoof","False","Normal",NA,250,59,45,40,35,40,31,4,"Brown","True",0.5,"Water_1","Field","False",0.51,20,255,"quadruped"
"400","Bibarel","False","Normal","Water",410,79,85,60,55,60,71,4,"Brown","True",0.5,"Water_1","Field","False",0.99,31.5,127,"bipedal_tailed"
"401","Kricketot","False","Bug",NA,194,37,25,41,25,41,25,4,"Red","True",0.5,"Bug",NA,"False",0.3,2.2,255,"bipedal_tailless"
"402","Kricketune","False","Bug",NA,384,77,85,51,55,51,65,4,"Red","True",0.5,"Bug",NA,"False",0.99,25.5,45,"four_wings"
"403","Shinx","False","Electric",NA,263,45,65,34,40,34,45,4,"Blue","True",0.5,"Field",NA,"False",0.51,9.5,235,"quadruped"
"404","Luxio","False","Electric",NA,363,60,85,49,60,49,60,4,"Blue","True",0.5,"Field",NA,"False",0.89,30.5,120,"quadruped"
"405","Luxray","False","Electric",NA,523,80,120,79,95,79,70,4,"Blue","True",0.5,"Field",NA,"False",1.4,42,45,"quadruped"
"406","Budew","False","Grass","Poison",280,40,30,35,50,70,55,4,"Green","True",0.5,"Undiscovered",NA,"False",0.2,1.2,255,"bipedal_tailless"
"407","Roserade","False","Grass","Poison",515,60,70,65,125,105,90,4,"Green","True",0.5,"Fairy","Grass","False",0.89,14.5,75,"bipedal_tailless"
"408","Cranidos","False","Rock",NA,350,67,125,40,30,30,58,4,"Blue","True",0.875,"Monster",NA,"False",0.89,31.5,45,"bipedal_tailed"
"409","Rampardos","False","Rock",NA,495,97,165,60,65,50,58,4,"Blue","True",0.875,"Monster",NA,"False",1.6,102.5,45,"bipedal_tailed"
"410","Shieldon","False","Rock","Steel",350,30,42,118,42,88,30,4,"Grey","True",0.875,"Monster",NA,"False",0.51,57,45,"quadruped"
"411","Bastiodon","False","Rock","Steel",495,60,52,168,47,138,30,4,"Grey","True",0.875,"Monster",NA,"False",1.3,149.5,45,"quadruped"
"412","Burmy","False","Bug",NA,224,40,29,45,29,45,36,4,"Grey","True",0.5,"Bug",NA,"False",0.2,3.4,120,"head_base"
"413","Wormadam","False","Bug","Grass",424,60,59,85,79,105,36,4,"Grey","True",0,"Bug",NA,"False",0.51,6.5,45,"head_base"
"414","Mothim","False","Bug","Flying",424,70,94,50,94,50,66,4,"Yellow","True",1,"Bug",NA,"False",0.89,23.3,45,"four_wings"
"415","Combee","False","Bug","Flying",244,30,30,42,30,42,70,4,"Yellow","True",0.875,"Bug",NA,"False",0.3,5.5,120,"multiple_bodies"
"416","Vespiquen","False","Bug","Flying",474,70,80,102,80,102,40,4,"Yellow","True",0,"Bug",NA,"False",1.19,38.5,45,"four_wings"
"417","Pachirisu","False","Electric",NA,405,60,45,70,45,90,95,4,"White","True",0.5,"Field","Fairy","False",0.41,3.9,200,"quadruped"
"418","Buizel","False","Water",NA,330,55,65,35,60,30,85,4,"Brown","True",0.5,"Water_1","Field","False",0.71,29.5,190,"quadruped"
"419","Floatzel","False","Water",NA,495,85,105,55,85,50,115,4,"Brown","True",0.5,"Water_1","Field","False",1.09,33.5,75,"quadruped"
"420","Cherubi","False","Grass",NA,275,45,35,45,62,53,35,4,"Pink","True",0.5,"Fairy","Grass","False",0.41,3.3,190,"multiple_bodies"
"421","Cherrim","False","Grass",NA,450,70,60,70,87,78,85,4,"Pink","True",0.5,"Fairy","Grass","False",0.51,9.3,75,"head_legs"
"422","Shellos","False","Water",NA,325,76,48,48,57,62,34,4,"Purple","True",0.5,"Water_1","Amorphous","False",0.3,6.3,190,"serpentine_body"
"423","Gastrodon","False","Water","Ground",475,111,83,68,92,82,39,4,"Purple","True",0.5,"Water_1","Amorphous","False",0.89,29.9,75,"serpentine_body"
"424","Ambipom","False","Normal",NA,482,75,100,66,60,66,115,4,"Purple","True",0.5,"Field",NA,"False",1.19,20.3,45,"bipedal_tailed"
"425","Drifloon","False","Ghost","Flying",348,90,50,34,60,44,70,4,"Purple","True",0.5,"Amorphous",NA,"False",0.41,1.2,125,"head_arms"
"426","Drifblim","False","Ghost","Flying",498,150,80,44,90,54,80,4,"Purple","True",0.5,"Amorphous",NA,"False",1.19,15,60,"head_arms"
"427","Buneary","False","Normal",NA,350,55,66,44,44,56,85,4,"Brown","True",0.5,"Field","Human-Like","False",0.41,5.5,190,"bipedal_tailed"
"428","Lopunny","False","Normal",NA,480,65,76,84,54,96,105,4,"Brown","True",0.5,"Field","Human-Like","True",1.19,33.3,60,"bipedal_tailed"
"429","Mismagius","False","Ghost",NA,495,60,60,60,105,105,105,4,"Purple","True",0.5,"Amorphous",NA,"False",0.89,4.4,45,"head_only"
"430","Honchkrow","False","Dark","Flying",505,100,125,52,105,52,71,4,"Black","True",0.5,"Flying",NA,"False",0.89,27.3,30,"two_wings"
"431","Glameow","False","Normal",NA,310,49,55,42,42,37,85,4,"Grey","True",0.25,"Field",NA,"False",0.51,3.9,190,"quadruped"
"432","Purugly","False","Normal",NA,452,71,82,64,64,59,112,4,"Grey","True",0.25,"Field",NA,"False",0.99,43.8,75,"quadruped"
"433","Chingling","False","Psychic",NA,285,45,30,50,65,50,45,4,"Yellow","True",0.5,"Undiscovered",NA,"False",0.2,0.6,120,"bipedal_tailless"
"434","Stunky","False","Poison","Dark",329,63,63,47,41,41,74,4,"Purple","True",0.5,"Field",NA,"False",0.41,19.2,225,"quadruped"
"435","Skuntank","False","Poison","Dark",479,103,93,67,71,61,84,4,"Purple","True",0.5,"Field",NA,"False",0.99,38,60,"quadruped"
"436","Bronzor","False","Steel","Psychic",300,57,24,86,24,86,23,4,"Green","False",NA,"Mineral",NA,"False",0.51,60.5,255,"head_only"
"437","Bronzong","False","Steel","Psychic",500,67,89,116,79,116,33,4,"Green","False",NA,"Mineral",NA,"False",1.3,187,90,"head_arms"
"438","Bonsly","False","Rock",NA,290,50,80,95,10,45,10,4,"Brown","True",0.5,"Undiscovered",NA,"False",0.51,15,255,"head_legs"
"439","Mime_Jr.","False","Psychic","Fairy",310,20,25,45,70,90,60,4,"Pink","True",0.5,"Undiscovered",NA,"False",0.61,13,145,"bipedal_tailless"
"440","Happiny","False","Normal",NA,220,100,5,5,15,65,30,4,"Pink","True",0,"Undiscovered",NA,"False",0.61,24.4,130,"bipedal_tailless"
"441","Chatot","False","Normal","Flying",411,76,65,45,92,42,91,4,"Black","True",0.5,"Flying",NA,"False",0.51,1.9,30,"two_wings"
"442","Spiritomb","False","Ghost","Dark",485,50,92,108,92,108,35,4,"Purple","True",0.5,"Amorphous",NA,"False",0.99,108,100,"head_base"
"443","Gible","False","Dragon","Ground",300,58,70,45,40,45,42,4,"Blue","True",0.5,"Monster","Dragon","False",0.71,20.5,45,"bipedal_tailed"
"444","Gabite","False","Dragon","Ground",410,68,90,65,50,55,82,4,"Blue","True",0.5,"Monster","Dragon","False",1.4,56,45,"bipedal_tailed"
"445","Garchomp","False","Dragon","Ground",600,108,130,95,80,85,102,4,"Blue","True",0.5,"Monster","Dragon","True",1.91,95,45,"bipedal_tailed"
"446","Munchlax","False","Normal",NA,390,135,85,40,40,85,5,4,"Black","True",0.875,"Undiscovered",NA,"False",0.61,105,50,"bipedal_tailless"
"447","Riolu","False","Fighting",NA,285,40,70,40,35,40,60,4,"Blue","True",0.875,"Undiscovered",NA,"False",0.71,20.2,75,"bipedal_tailed"
"448","Lucario","False","Fighting","Steel",525,70,110,70,115,70,90,4,"Blue","True",0.875,"Field","Human-Like","True",1.19,54,45,"bipedal_tailed"
"449","Hippopotas","False","Ground",NA,330,68,72,78,38,42,32,4,"Brown","True",0.5,"Field",NA,"False",0.79,49.5,140,"quadruped"
"450","Hippowdon","False","Ground",NA,525,108,112,118,68,72,47,4,"Brown","True",0.5,"Field",NA,"False",2.01,300,60,"quadruped"
"451","Skorupi","False","Poison","Bug",330,40,50,90,30,55,65,4,"Purple","True",0.5,"Bug","Water_3","False",0.79,12,120,"insectoid"
"452","Drapion","False","Poison","Dark",500,70,90,110,60,75,95,4,"Purple","True",0.5,"Bug","Water_3","False",1.3,61.5,45,"insectoid"
"453","Croagunk","False","Poison","Fighting",300,48,61,40,61,40,50,4,"Blue","True",0.5,"Human-Like",NA,"False",0.71,23,140,"bipedal_tailless"
"454","Toxicroak","False","Poison","Fighting",490,83,106,65,86,65,85,4,"Blue","True",0.5,"Human-Like",NA,"False",1.3,44.4,75,"bipedal_tailless"
"455","Carnivine","False","Grass",NA,454,74,100,72,90,72,46,4,"Green","True",0.5,"Grass",NA,"False",1.4,27,200,"several_limbs"
"456","Finneon","False","Water",NA,330,49,49,56,49,61,66,4,"Blue","True",0.5,"Water_2",NA,"False",0.41,7,190,"with_fins"
"457","Lumineon","False","Water",NA,460,69,69,76,69,86,91,4,"Blue","True",0.5,"Water_2",NA,"False",1.19,24,75,"with_fins"
"458","Mantyke","False","Water","Flying",345,45,20,50,60,120,50,4,"Blue","True",0.5,"Undiscovered",NA,"False",0.99,65,25,"two_wings"
"459","Snover","False","Grass","Ice",334,60,62,50,62,60,40,4,"White","True",0.5,"Monster","Grass","False",0.99,50.5,120,"bipedal_tailed"
"460","Abomasnow","False","Grass","Ice",494,90,92,75,92,85,60,4,"White","True",0.5,"Monster","Grass","True",2.21,135.5,60,"bipedal_tailed"
"461","Weavile","False","Dark","Ice",510,70,120,65,45,85,125,4,"Black","True",0.5,"Field",NA,"False",1.09,34,45,"bipedal_tailed"
"462","Magnezone","False","Electric","Steel",535,70,70,115,130,90,60,4,"Grey","False",NA,"Mineral",NA,"False",1.19,180,30,"head_arms"
"463","Lickilicky","False","Normal",NA,515,110,85,95,80,95,50,4,"Pink","True",0.5,"Monster",NA,"False",1.7,140,30,"bipedal_tailless"
"464","Rhyperior","False","Ground","Rock",535,115,140,130,55,55,40,4,"Grey","True",0.5,"Monster","Field","False",2.39,282.8,30,"bipedal_tailed"
"465","Tangrowth","False","Grass",NA,535,100,100,125,110,50,50,4,"Blue","True",0.5,"Grass",NA,"False",2.01,128.6,30,"bipedal_tailless"
"466","Electivire","False","Electric",NA,540,75,123,67,95,85,95,4,"Yellow","True",0.75,"Human-Like",NA,"False",1.8,138.6,30,"bipedal_tailed"
"467","Magmortar","False","Fire",NA,540,75,95,67,125,95,83,4,"Red","True",0.75,"Human-Like",NA,"False",1.6,68,30,"bipedal_tailed"
"468","Togekiss","False","Fairy","Flying",545,85,50,95,120,115,80,4,"White","True",0.875,"Flying","Fairy","False",1.5,38,30,"two_wings"
"469","Yanmega","False","Bug","Flying",515,86,76,86,116,56,95,4,"Green","True",0.5,"Bug",NA,"False",1.91,51.5,30,"four_wings"
"470","Leafeon","False","Grass",NA,525,65,110,130,60,65,95,4,"Green","True",0.875,"Field",NA,"False",0.99,25.5,45,"quadruped"
"471","Glaceon","False","Ice",NA,525,65,60,110,130,95,65,4,"Blue","True",0.875,"Field",NA,"False",0.79,25.9,45,"quadruped"
"472","Gliscor","False","Ground","Flying",510,75,95,125,45,75,95,4,"Purple","True",0.5,"Bug",NA,"False",2.01,42.5,30,"two_wings"
"473","Mamoswine","False","Ice","Ground",530,110,130,80,70,60,80,4,"Brown","True",0.5,"Field",NA,"False",2.49,291,50,"quadruped"
"474","Porygon-Z","False","Normal",NA,535,85,80,70,135,75,90,4,"Red","False",NA,"Mineral",NA,"False",0.89,34,30,"head_arms"
"475","Gallade","False","Psychic","Fighting",518,68,125,65,65,115,80,4,"White","True",1,"Amorphous",NA,"True",1.6,52,45,"bipedal_tailless"
"476","Probopass","False","Rock","Steel",525,60,55,145,75,150,40,4,"Grey","True",0.5,"Mineral",NA,"False",1.4,340,60,"multiple_bodies"
"477","Dusknoir","False","Ghost",NA,525,45,100,135,65,135,45,4,"Black","True",0.5,"Amorphous",NA,"False",2.21,106.6,45,"head_arms"
"478","Froslass","False","Ice","Ghost",480,70,80,70,80,70,110,4,"White","True",0,"Fairy","Mineral","False",1.3,26.6,75,"head_arms"
"479","Rotom","False","Electric","Ghost",440,50,50,77,95,77,91,4,"Red","False",NA,"Amorphous",NA,"False",0.3,0.3,45,"head_only"
"480","Uxie","True","Psychic",NA,580,75,75,130,75,130,95,4,"Yellow","False",NA,"Undiscovered",NA,"False",0.3,0.3,3,"bipedal_tailed"
"481","Mesprit","True","Psychic",NA,580,80,105,105,105,105,80,4,"Pink","False",NA,"Undiscovered",NA,"False",0.3,0.3,3,"bipedal_tailed"
"482","Azelf","True","Psychic",NA,580,75,125,70,125,70,115,4,"Blue","False",NA,"Undiscovered",NA,"False",0.3,0.3,3,"bipedal_tailed"
"483","Dialga","True","Steel","Dragon",680,100,120,120,150,100,90,4,"White","False",NA,"Undiscovered",NA,"False",5.41,683,3,"quadruped"
"484","Palkia","True","Water","Dragon",680,90,120,100,150,120,100,4,"Purple","False",NA,"Undiscovered",NA,"False",4.19,336,3,"bipedal_tailed"
"485","Heatran","True","Fire","Steel",600,91,90,106,130,106,77,4,"Brown","True",0.5,"Undiscovered",NA,"False",1.7,430,3,"quadruped"
"486","Regigigas","True","Normal",NA,670,110,160,110,80,110,100,4,"White","False",NA,"Undiscovered",NA,"False",3.71,420,3,"bipedal_tailless"
"487","Giratina","True","Ghost","Dragon",680,150,120,100,120,100,90,4,"Black","False",NA,"Undiscovered",NA,"False",6.91,650,3,"serpentine_body"
"488","Cresselia","False","Psychic",NA,600,120,70,120,75,130,85,4,"Yellow","True",0,"Undiscovered",NA,"False",1.5,85.6,3,"serpentine_body"
"489","Phione","False","Water",NA,480,80,80,80,80,80,80,4,"Blue","False",NA,"Water_1","Fairy","False",0.41,3.1,30,"head_arms"
"490","Manaphy","False","Water",NA,600,100,100,100,100,100,100,4,"Blue","False",NA,"Water_1","Fairy","False",0.3,1.4,3,"bipedal_tailless"
"491","Darkrai","True","Dark",NA,600,70,90,90,135,90,125,4,"Black","False",NA,"Undiscovered",NA,"False",1.5,50.5,3,"bipedal_tailless"
"492","Shaymin","True","Grass",NA,600,100,100,100,100,100,100,4,"Green","False",NA,"Undiscovered",NA,"False",0.2,2.1,45,"quadruped"
"493","Arceus","True","Normal",NA,720,120,120,120,120,120,120,4,"Grey","False",NA,"Undiscovered",NA,"False",3.2,320,3,"quadruped"
"494","Victini","True","Psychic","Fire",600,100,100,100,100,100,100,5,"Yellow","False",NA,"Undiscovered",NA,"False",0.41,4,3,"bipedal_tailless"
"495","Snivy","False","Grass",NA,308,45,45,55,45,55,63,5,"Green","True",0.875,"Field","Grass","False",0.61,8.1,45,"bipedal_tailed"
"496","Servine","False","Grass",NA,413,60,60,75,60,75,83,5,"Green","True",0.875,"Field","Grass","False",0.79,16,45,"bipedal_tailed"
"497","Serperior","False","Grass",NA,528,75,75,95,75,95,113,5,"Green","True",0.875,"Field","Grass","False",3.3,63,45,"serpentine_body"
"498","Tepig","False","Fire",NA,308,65,63,45,45,45,45,5,"Red","True",0.875,"Field",NA,"False",0.51,9.9,45,"quadruped"
"499","Pignite","False","Fire","Fighting",418,90,93,55,70,55,55,5,"Red","True",0.875,"Field",NA,"False",0.99,55.5,45,"bipedal_tailed"
"500","Emboar","False","Fire","Fighting",528,110,123,65,100,65,65,5,"Red","True",0.875,"Field",NA,"False",1.6,150,45,"bipedal_tailed"
"501","Oshawott","False","Water",NA,308,55,55,45,63,45,45,5,"Blue","True",0.875,"Field",NA,"False",0.51,5.9,45,"bipedal_tailed"
"502","Dewott","False","Water",NA,413,75,75,60,83,60,60,5,"Blue","True",0.875,"Field",NA,"False",0.79,24.5,45,"bipedal_tailed"
"503","Samurott","False","Water",NA,528,95,100,85,108,70,70,5,"Blue","True",0.875,"Field",NA,"False",1.5,94.6,45,"quadruped"
"504","Patrat","False","Normal",NA,255,45,55,39,35,39,42,5,"Brown","True",0.5,"Field",NA,"False",0.51,11.6,255,"quadruped"
"505","Watchog","False","Normal",NA,420,60,85,69,60,69,77,5,"Brown","True",0.5,"Field",NA,"False",1.09,27,255,"bipedal_tailed"
"506","Lillipup","False","Normal",NA,275,45,60,45,25,45,55,5,"Brown","True",0.5,"Field",NA,"False",0.41,4.1,255,"quadruped"
"507","Herdier","False","Normal",NA,370,65,80,65,35,65,60,5,"Grey","True",0.5,"Field",NA,"False",0.89,14.7,120,"quadruped"
"508","Stoutland","False","Normal",NA,500,85,110,90,45,90,80,5,"Grey","True",0.5,"Field",NA,"False",1.19,61,45,"quadruped"
"509","Purrloin","False","Dark",NA,281,41,50,37,50,37,66,5,"Purple","True",0.5,"Field",NA,"False",0.41,10.1,255,"quadruped"
"510","Liepard","False","Dark",NA,446,64,88,50,88,50,106,5,"Purple","True",0.5,"Field",NA,"False",1.09,37.5,90,"quadruped"
"511","Pansage","False","Grass",NA,316,50,53,48,53,48,64,5,"Green","True",0.875,"Field",NA,"False",0.61,10.5,190,"bipedal_tailed"
"512","Simisage","False","Grass",NA,498,75,98,63,98,63,101,5,"Green","True",0.875,"Field",NA,"False",1.09,30.5,75,"bipedal_tailed"
"513","Pansear","False","Fire",NA,316,50,53,48,53,48,64,5,"Red","True",0.875,"Field",NA,"False",0.61,11,190,"bipedal_tailed"
"514","Simisear","False","Fire",NA,498,75,98,63,98,63,101,5,"Red","True",0.875,"Field",NA,"False",0.99,28,75,"bipedal_tailed"
"515","Panpour","False","Water",NA,316,50,53,48,53,48,64,5,"Blue","True",0.875,"Field",NA,"False",0.61,13.5,190,"bipedal_tailed"
"516","Simipour","False","Water",NA,498,75,98,63,98,63,101,5,"Blue","True",0.875,"Field",NA,"False",0.99,29,75,"bipedal_tailed"
"517","Munna","False","Psychic",NA,292,76,25,45,67,55,24,5,"Pink","True",0.5,"Field",NA,"False",0.61,23.3,190,"quadruped"
"518","Musharna","False","Psychic",NA,487,116,55,85,107,95,29,5,"Pink","True",0.5,"Field",NA,"False",1.09,60.5,75,"bipedal_tailless"
"519","Pidove","False","Normal","Flying",264,50,55,50,36,30,43,5,"Grey","True",0.5,"Flying",NA,"False",0.3,2.1,255,"two_wings"
"520","Tranquill","False","Normal","Flying",358,62,77,62,50,42,65,5,"Grey","True",0.5,"Flying",NA,"False",0.61,15,120,"two_wings"
"521","Unfezant","False","Normal","Flying",488,80,115,80,65,55,93,5,"Grey","True",0.5,"Flying",NA,"False",1.19,29,45,"two_wings"
"522","Blitzle","False","Electric",NA,295,45,60,32,50,32,76,5,"Black","True",0.5,"Field",NA,"False",0.79,29.8,190,"quadruped"
"523","Zebstrika","False","Electric",NA,497,75,100,63,80,63,116,5,"Black","True",0.5,"Field",NA,"False",1.6,79.5,75,"quadruped"
"524","Roggenrola","False","Rock",NA,280,55,75,85,25,25,15,5,"Blue","True",0.5,"Mineral",NA,"False",0.41,18,255,"head_legs"
"525","Boldore","False","Rock",NA,390,70,105,105,50,40,20,5,"Blue","True",0.5,"Mineral",NA,"False",0.89,102,120,"several_limbs"
"526","Gigalith","False","Rock",NA,515,85,135,130,60,80,25,5,"Blue","True",0.5,"Mineral",NA,"False",1.7,260,45,"several_limbs"
"527","Woobat","False","Psychic","Flying",313,55,45,43,55,43,72,5,"Blue","True",0.5,"Field","Flying","False",0.41,2.1,190,"two_wings"
"528","Swoobat","False","Psychic","Flying",425,67,57,55,77,55,114,5,"Blue","True",0.5,"Field","Flying","False",0.89,10.5,45,"two_wings"
"529","Drilbur","False","Ground",NA,328,60,85,40,30,45,68,5,"Grey","True",0.5,"Field",NA,"False",0.3,8.5,120,"bipedal_tailed"
"530","Excadrill","False","Ground","Steel",508,110,135,60,50,65,88,5,"Grey","True",0.5,"Field",NA,"False",0.71,40.4,60,"bipedal_tailless"
"531","Audino","False","Normal",NA,445,103,60,86,60,86,50,5,"Pink","True",0.5,"Fairy",NA,"True",1.09,31,255,"bipedal_tailed"
"532","Timburr","False","Fighting",NA,305,75,80,55,25,35,35,5,"Grey","True",0.75,"Human-Like",NA,"False",0.61,12.5,180,"bipedal_tailless"
"533","Gurdurr","False","Fighting",NA,405,85,105,85,40,50,40,5,"Grey","True",0.75,"Human-Like",NA,"False",1.19,40,90,"bipedal_tailless"
"534","Conkeldurr","False","Fighting",NA,505,105,140,95,55,65,45,5,"Grey","True",0.75,"Human-Like",NA,"False",1.4,87,45,"bipedal_tailless"
"535","Tympole","False","Water",NA,294,50,50,40,50,40,64,5,"Blue","True",0.5,"Water_1",NA,"False",0.51,4.5,255,"with_fins"
"536","Palpitoad","False","Water","Ground",384,75,65,55,65,55,69,5,"Blue","True",0.5,"Water_1",NA,"False",0.79,17,120,"bipedal_tailed"
"537","Seismitoad","False","Water","Ground",509,105,95,75,85,75,74,5,"Blue","True",0.5,"Water_1",NA,"False",1.5,62,45,"bipedal_tailless"
"538","Throh","False","Fighting",NA,465,120,100,85,30,85,45,5,"Red","True",1,"Human-Like",NA,"False",1.3,55.5,45,"bipedal_tailless"
"539","Sawk","False","Fighting",NA,465,75,125,75,30,75,85,5,"Blue","True",1,"Human-Like",NA,"False",1.4,51,45,"bipedal_tailless"
"540","Sewaddle","False","Bug","Grass",310,45,53,70,40,60,42,5,"Yellow","True",0.5,"Bug",NA,"False",0.3,2.5,255,"insectoid"
"541","Swadloon","False","Bug","Grass",380,55,63,90,50,80,42,5,"Green","True",0.5,"Bug",NA,"False",0.51,7.3,120,"head_arms"
"542","Leavanny","False","Bug","Grass",500,75,103,80,70,80,92,5,"Yellow","True",0.5,"Bug",NA,"False",1.19,20.5,45,"bipedal_tailless"
"543","Venipede","False","Bug","Poison",260,30,45,59,30,39,57,5,"Red","True",0.5,"Bug",NA,"False",0.41,5.3,255,"insectoid"
"544","Whirlipede","False","Bug","Poison",360,40,55,99,40,79,47,5,"Grey","True",0.5,"Bug",NA,"False",1.19,58.5,120,"head_only"
"545","Scolipede","False","Bug","Poison",485,60,100,89,55,69,112,5,"Red","True",0.5,"Bug",NA,"False",2.49,200.5,45,"insectoid"
"546","Cottonee","False","Grass","Fairy",280,40,27,60,37,50,66,5,"Green","True",0.5,"Grass","Fairy","False",0.3,0.6,190,"head_only"
"547","Whimsicott","False","Grass","Fairy",480,60,67,85,77,75,116,5,"Green","True",0.5,"Grass","Fairy","False",0.71,6.6,75,"bipedal_tailless"
"548","Petilil","False","Grass",NA,280,45,35,50,70,50,30,5,"Green","True",0,"Grass",NA,"False",0.51,6.6,190,"head_base"
"549","Lilligant","False","Grass",NA,480,70,60,75,110,75,90,5,"Green","True",0,"Grass",NA,"False",1.09,16.3,75,"head_base"
"550","Basculin","False","Water",NA,460,70,92,65,80,55,98,5,"Green","True",0.5,"Water_2",NA,"False",0.99,18,25,"with_fins"
"551","Sandile","False","Ground","Dark",292,50,72,35,35,35,65,5,"Brown","True",0.5,"Field",NA,"False",0.71,15.2,180,"quadruped"
"552","Krokorok","False","Ground","Dark",351,60,82,45,45,45,74,5,"Brown","True",0.5,"Field",NA,"False",0.99,33.4,90,"quadruped"
"553","Krookodile","False","Ground","Dark",519,95,117,80,65,70,92,5,"Red","True",0.5,"Field",NA,"False",1.5,96.3,45,"bipedal_tailed"
"554","Darumaka","False","Fire",NA,315,70,90,45,15,45,50,5,"Red","True",0.5,"Field",NA,"False",0.61,37.5,120,"bipedal_tailless"
"555","Darmanitan","False","Fire",NA,480,105,140,55,30,55,95,5,"Red","True",0.5,"Field",NA,"False",1.3,92.9,60,"quadruped"
"556","Maractus","False","Grass",NA,461,75,86,67,106,67,60,5,"Green","True",0.5,"Grass",NA,"False",0.99,28,255,"head_base"
"557","Dwebble","False","Bug","Rock",325,50,65,85,35,35,55,5,"Red","True",0.5,"Bug","Mineral","False",0.3,14.5,190,"insectoid"
"558","Crustle","False","Bug","Rock",475,70,95,125,65,75,45,5,"Red","True",0.5,"Bug","Mineral","False",1.4,200,75,"insectoid"
"559","Scraggy","False","Dark","Fighting",348,50,75,70,35,70,48,5,"Yellow","True",0.5,"Field","Dragon","False",0.61,11.8,180,"bipedal_tailed"
"560","Scrafty","False","Dark","Fighting",488,65,90,115,45,115,58,5,"Red","True",0.5,"Field","Dragon","False",1.09,30,90,"bipedal_tailed"
"561","Sigilyph","False","Psychic","Flying",490,72,58,80,103,80,97,5,"Black","True",0.5,"Flying",NA,"False",1.4,14,45,"two_wings"
"562","Yamask","False","Ghost",NA,303,38,30,85,55,65,30,5,"Black","True",0.5,"Mineral","Amorphous","False",0.51,1.5,190,"head_arms"
"563","Cofagrigus","False","Ghost",NA,483,58,50,145,95,105,30,5,"Yellow","True",0.5,"Mineral","Amorphous","False",1.7,76.5,90,"head_base"
"564","Tirtouga","False","Water","Rock",355,54,78,103,53,45,22,5,"Blue","True",0.875,"Water_1","Water_3","False",0.71,16.5,45,"quadruped"
"565","Carracosta","False","Water","Rock",495,74,108,133,83,65,32,5,"Blue","True",0.875,"Water_1","Water_3","False",1.19,81,45,"bipedal_tailed"
"566","Archen","False","Rock","Flying",401,55,112,45,74,45,70,5,"Yellow","True",0.875,"Flying","Water_3","False",0.51,9.5,45,"two_wings"
"567","Archeops","False","Rock","Flying",567,75,140,65,112,65,110,5,"Yellow","True",0.875,"Flying","Water_3","False",1.4,32,45,"two_wings"
"568","Trubbish","False","Poison",NA,329,50,50,62,40,62,65,5,"Green","True",0.5,"Mineral",NA,"False",0.61,31,190,"bipedal_tailless"
"569","Garbodor","False","Poison",NA,474,80,95,82,60,82,75,5,"Green","True",0.5,"Mineral",NA,"False",1.91,107.3,60,"bipedal_tailless"
"570","Zorua","False","Dark",NA,330,40,65,40,80,40,65,5,"Grey","True",0.875,"Field",NA,"False",0.71,12.5,75,"quadruped"
"571","Zoroark","False","Dark",NA,510,60,105,60,120,60,105,5,"Grey","True",0.875,"Field",NA,"False",1.6,81.1,45,"bipedal_tailed"
"572","Minccino","False","Normal",NA,300,55,50,40,40,40,75,5,"Grey","True",0.25,"Field",NA,"False",0.41,5.8,255,"quadruped"
"573","Cinccino","False","Normal",NA,470,75,95,60,65,60,115,5,"Grey","True",0.25,"Field",NA,"False",0.51,7.5,60,"quadruped"
"574","Gothita","False","Psychic",NA,290,45,30,50,55,65,45,5,"Purple","True",0.25,"Human-Like",NA,"False",0.41,5.8,200,"bipedal_tailless"
"575","Gothorita","False","Psychic",NA,390,60,45,70,75,85,55,5,"Purple","True",0.25,"Human-Like",NA,"False",0.71,18,100,"bipedal_tailless"
"576","Gothitelle","False","Psychic",NA,490,70,55,95,95,110,65,5,"Purple","True",0.25,"Human-Like",NA,"False",1.5,44,50,"bipedal_tailless"
"577","Solosis","False","Psychic",NA,290,45,30,40,105,50,20,5,"Green","True",0.5,"Amorphous",NA,"False",0.3,1,200,"head_only"
"578","Duosion","False","Psychic",NA,370,65,40,50,125,60,30,5,"Green","True",0.5,"Amorphous",NA,"False",0.61,8,100,"head_only"
"579","Reuniclus","False","Psychic",NA,490,110,65,75,125,85,30,5,"Green","True",0.5,"Amorphous",NA,"False",0.99,20.1,50,"head_arms"
"580","Ducklett","False","Water","Flying",305,62,44,50,44,50,55,5,"Blue","True",0.5,"Water_1","Flying","False",0.51,5.5,190,"two_wings"
"581","Swanna","False","Water","Flying",473,75,87,63,87,63,98,5,"White","True",0.5,"Water_1","Flying","False",1.3,24.2,45,"two_wings"
"582","Vanillite","False","Ice",NA,305,36,50,50,65,60,44,5,"White","True",0.5,"Mineral",NA,"False",0.41,5.7,255,"head_base"
"583","Vanillish","False","Ice",NA,395,51,65,65,80,75,59,5,"White","True",0.5,"Mineral",NA,"False",1.09,41,120,"head_base"
"584","Vanilluxe","False","Ice",NA,535,71,95,85,110,95,79,5,"White","True",0.5,"Mineral",NA,"False",1.3,57.5,45,"multiple_bodies"
"585","Deerling","False","Normal","Grass",335,60,60,50,40,50,75,5,"Yellow","True",0.5,"Field",NA,"False",0.61,19.5,190,"quadruped"
"586","Sawsbuck","False","Normal","Grass",475,80,100,70,60,70,95,5,"Brown","True",0.5,"Field",NA,"False",1.91,92.5,75,"quadruped"
"587","Emolga","False","Electric","Flying",428,55,75,60,75,60,103,5,"White","True",0.5,"Field",NA,"False",0.41,5,200,"quadruped"
"588","Karrablast","False","Bug",NA,315,50,75,45,40,45,60,5,"Blue","True",0.5,"Bug",NA,"False",0.51,5.9,200,"bipedal_tailless"
"589","Escavalier","False","Bug","Steel",495,70,135,105,60,105,20,5,"Grey","True",0.5,"Bug",NA,"False",0.99,33,75,"head_arms"
"590","Foongus","False","Grass","Poison",294,69,55,45,55,55,15,5,"White","True",0.5,"Grass",NA,"False",0.2,1,190,"head_arms"
"591","Amoonguss","False","Grass","Poison",464,114,85,70,85,80,30,5,"Grey","True",0.5,"Grass",NA,"False",0.61,10.5,75,"head_arms"
"592","Frillish","False","Water","Ghost",335,55,40,50,65,85,40,5,"White","True",0.5,"Amorphous",NA,"False",1.19,33,190,"several_limbs"
"593","Jellicent","False","Water","Ghost",480,100,60,70,85,105,60,5,"White","True",0.5,"Amorphous",NA,"False",2.21,135,60,"several_limbs"
"594","Alomomola","False","Water",NA,470,165,75,80,40,45,65,5,"Pink","True",0.5,"Water_1","Water_2","False",1.19,31.6,75,"with_fins"
"595","Joltik","False","Bug","Electric",319,50,47,50,57,50,65,5,"Yellow","True",0.5,"Bug",NA,"False",0.1,0.6,190,"insectoid"
"596","Galvantula","False","Bug","Electric",472,70,77,60,97,60,108,5,"Yellow","True",0.5,"Bug",NA,"False",0.79,14.3,75,"insectoid"
"597","Ferroseed","False","Grass","Steel",305,44,50,91,24,86,10,5,"Grey","True",0.5,"Grass","Mineral","False",0.61,18.8,255,"head_only"
"598","Ferrothorn","False","Grass","Steel",489,74,94,131,54,116,20,5,"Grey","True",0.5,"Grass","Mineral","False",0.99,110,90,"several_limbs"
"599","Klink","False","Steel",NA,300,40,55,70,45,60,30,5,"Grey","False",NA,"Mineral",NA,"False",0.3,21,130,"multiple_bodies"
"600","Klang","False","Steel",NA,440,60,80,95,70,85,50,5,"Grey","False",NA,"Mineral",NA,"False",0.61,51,60,"multiple_bodies"
"601","Klinklang","False","Steel",NA,520,60,100,115,70,85,90,5,"Grey","False",NA,"Mineral",NA,"False",0.61,81,30,"multiple_bodies"
"602","Tynamo","False","Electric",NA,275,35,55,40,45,40,60,5,"White","True",0.5,"Amorphous",NA,"False",0.2,0.3,190,"with_fins"
"603","Eelektrik","False","Electric",NA,405,65,85,70,75,70,40,5,"Blue","True",0.5,"Amorphous",NA,"False",1.19,22,60,"with_fins"
"604","Eelektross","False","Electric",NA,515,85,115,80,105,80,50,5,"Blue","True",0.5,"Amorphous",NA,"False",2.11,80.5,30,"with_fins"
"605","Elgyem","False","Psychic",NA,335,55,55,55,85,55,30,5,"Grey","True",0.5,"Human-Like",NA,"False",0.51,9,255,"bipedal_tailed"
"606","Beheeyem","False","Psychic",NA,485,75,75,75,125,95,40,5,"Brown","True",0.5,"Human-Like",NA,"False",0.99,34.5,90,"bipedal_tailless"
"607","Litwick","False","Ghost","Fire",275,50,30,55,65,55,20,5,"White","True",0.5,"Amorphous",NA,"False",0.3,3.1,190,"head_base"
"608","Lampent","False","Ghost","Fire",370,60,40,60,95,60,55,5,"Black","True",0.5,"Amorphous",NA,"False",0.61,13,90,"head_arms"
"609","Chandelure","False","Ghost","Fire",520,60,55,90,145,90,80,5,"Black","True",0.5,"Amorphous",NA,"False",0.99,34.3,45,"head_arms"
"610","Axew","False","Dragon",NA,320,46,87,60,30,40,57,5,"Green","True",0.5,"Monster","Dragon","False",0.61,18,75,"bipedal_tailed"
"611","Fraxure","False","Dragon",NA,410,66,117,70,40,50,67,5,"Green","True",0.5,"Monster","Dragon","False",0.99,36,60,"bipedal_tailed"
"612","Haxorus","False","Dragon",NA,540,76,147,90,60,70,97,5,"Yellow","True",0.5,"Monster","Dragon","False",1.8,105.5,45,"bipedal_tailed"
"613","Cubchoo","False","Ice",NA,305,55,70,40,60,40,40,5,"Blue","True",0.5,"Field",NA,"False",0.51,8.5,120,"bipedal_tailed"
"614","Beartic","False","Ice",NA,485,95,110,80,70,80,50,5,"White","True",0.5,"Field",NA,"False",2.59,260,60,"quadruped"
"615","Cryogonal","False","Ice",NA,485,70,50,30,95,135,105,5,"Blue","False",NA,"Mineral",NA,"False",1.09,148,25,"head_only"
"616","Shelmet","False","Bug",NA,305,50,40,85,40,65,25,5,"Red","True",0.5,"Bug",NA,"False",0.41,7.7,200,"head_only"
"617","Accelgor","False","Bug",NA,495,80,70,40,100,60,145,5,"Red","True",0.5,"Bug",NA,"False",0.79,25.3,75,"head_arms"
"618","Stunfisk","False","Ground","Electric",471,109,66,84,81,99,32,5,"Brown","True",0.5,"Water_1","Amorphous","False",0.71,11,75,"with_fins"
"619","Mienfoo","False","Fighting",NA,350,45,85,50,55,50,65,5,"Yellow","True",0.5,"Field","Human-Like","False",0.89,20,180,"bipedal_tailed"
"620","Mienshao","False","Fighting",NA,510,65,125,60,95,60,105,5,"Purple","True",0.5,"Field","Human-Like","False",1.4,35.5,45,"bipedal_tailed"
"621","Druddigon","False","Dragon",NA,485,77,120,90,60,90,48,5,"Red","True",0.5,"Dragon","Monster","False",1.6,139,45,"bipedal_tailed"
"622","Golett","False","Ground","Ghost",303,59,74,50,35,50,35,5,"Green","False",NA,"Mineral",NA,"False",0.99,92,190,"bipedal_tailless"
"623","Golurk","False","Ground","Ghost",483,89,124,80,55,80,55,5,"Green","False",NA,"Mineral",NA,"False",2.79,330,90,"bipedal_tailless"
"624","Pawniard","False","Dark","Steel",340,45,85,70,40,40,60,5,"Red","True",0.5,"Human-Like",NA,"False",0.51,10.2,120,"bipedal_tailless"
"625","Bisharp","False","Dark","Steel",490,65,125,100,60,70,70,5,"Red","True",0.5,"Human-Like",NA,"False",1.6,70,45,"bipedal_tailless"
"626","Bouffalant","False","Normal",NA,490,95,110,95,40,95,55,5,"Brown","True",0.5,"Field",NA,"False",1.6,94.6,45,"quadruped"
"627","Rufflet","False","Normal","Flying",350,70,83,50,37,50,60,5,"White","True",1,"Flying",NA,"False",0.51,10.5,190,"two_wings"
"628","Braviary","False","Normal","Flying",510,100,123,75,57,75,80,5,"Red","True",1,"Flying",NA,"False",1.5,41,60,"two_wings"
"629","Vullaby","False","Dark","Flying",370,70,55,75,45,65,60,5,"Brown","True",0,"Flying",NA,"False",0.51,9,190,"two_wings"
"630","Mandibuzz","False","Dark","Flying",510,110,65,105,55,95,80,5,"Brown","True",0,"Flying",NA,"False",1.19,39.5,60,"two_wings"
"631","Heatmor","False","Fire",NA,484,85,97,66,105,66,65,5,"Red","True",0.5,"Field",NA,"False",1.4,58,90,"bipedal_tailed"
"632","Durant","False","Bug","Steel",484,58,109,112,48,48,109,5,"Grey","True",0.5,"Bug",NA,"False",0.3,33,90,"insectoid"
"633","Deino","False","Dark","Dragon",300,52,65,50,45,50,38,5,"Blue","True",0.5,"Dragon",NA,"False",0.79,17.3,45,"quadruped"
"634","Zweilous","False","Dark","Dragon",420,72,85,70,65,70,58,5,"Blue","True",0.5,"Dragon",NA,"False",1.4,50,45,"quadruped"
"635","Hydreigon","False","Dark","Dragon",600,92,105,90,125,90,98,5,"Blue","True",0.5,"Dragon",NA,"False",1.8,160,45,"bipedal_tailed"
"636","Larvesta","False","Bug","Fire",360,55,85,55,50,55,60,5,"White","True",0.5,"Bug",NA,"False",1.09,28.8,45,"insectoid"
"637","Volcarona","False","Bug","Fire",550,85,60,65,135,105,100,5,"White","True",0.5,"Bug",NA,"False",1.6,46,15,"four_wings"
"638","Cobalion","True","Steel","Fighting",580,91,90,129,90,72,108,5,"Blue","False",NA,"Undiscovered",NA,"False",2.11,250,3,"quadruped"
"639","Terrakion","True","Rock","Fighting",580,91,129,90,72,90,108,5,"Grey","False",NA,"Undiscovered",NA,"False",1.91,260,3,"quadruped"
"640","Virizion","True","Grass","Fighting",580,91,90,72,90,129,108,5,"Green","False",NA,"Undiscovered",NA,"False",2.01,200,3,"quadruped"
"641","Tornadus","True","Flying",NA,580,79,115,70,125,80,111,5,"Green","True",1,"Undiscovered",NA,"False",1.5,63,3,"head_arms"
"642","Thundurus","True","Electric","Flying",580,79,115,70,125,80,111,5,"Blue","True",1,"Undiscovered",NA,"False",1.5,61,3,"head_arms"
"643","Reshiram","True","Dragon","Fire",680,100,120,100,150,120,90,5,"White","False",NA,"Undiscovered",NA,"False",3.2,330,3,"two_wings"
"644","Zekrom","True","Dragon","Electric",680,100,150,120,120,100,90,5,"Black","False",NA,"Undiscovered",NA,"False",2.9,345,3,"bipedal_tailed"
"645","Landorus","True","Ground","Flying",600,89,125,90,115,80,101,5,"Brown","True",1,"Undiscovered",NA,"False",1.5,68,3,"head_arms"
"646","Kyurem","True","Dragon","Ice",660,125,130,90,130,90,95,5,"Grey","False",NA,"Undiscovered",NA,"False",3,325,3,"bipedal_tailed"
"647","Keldeo","False","Water","Fighting",580,91,72,90,129,90,108,5,"Yellow","False",NA,"Undiscovered",NA,"False",1.4,48.5,3,"quadruped"
"648","Meloetta","False","Normal","Psychic",600,100,77,77,128,128,90,5,"White","False",NA,"Undiscovered",NA,"False",0.61,6.5,3,"bipedal_tailless"
"649","Genesect","False","Bug","Steel",600,71,120,95,120,95,99,5,"Purple","False",NA,"Undiscovered",NA,"False",1.5,82.5,3,"bipedal_tailless"
"650","Chespin","False","Grass",NA,313,56,61,65,48,45,38,6,"Green","True",0.875,"Field",NA,"False",0.41,9,45,"bipedal_tailed"
"651","Quilladin","False","Grass",NA,405,61,78,95,56,58,57,6,"Green","True",0.875,"Field",NA,"False",0.71,29,45,"bipedal_tailed"
"652","Chesnaught","False","Grass","Fighting",530,88,107,122,74,75,64,6,"Green","True",0.875,"Field",NA,"False",1.6,90,45,"bipedal_tailed"
"653","Fennekin","False","Fire",NA,307,40,45,40,62,60,60,6,"Red","True",0.875,"Field",NA,"False",0.41,9.4,45,"quadruped"
"654","Braixen","False","Fire",NA,409,59,59,58,90,70,73,6,"Red","True",0.875,"Field",NA,"False",0.99,14.5,45,"bipedal_tailed"
"655","Delphox","False","Fire","Psychic",534,75,69,72,114,100,104,6,"Red","True",0.875,"Field",NA,"False",1.5,39,45,"bipedal_tailed"
"656","Froakie","False","Water",NA,314,41,56,40,62,44,71,6,"Blue","True",0.875,"Water_1",NA,"False",0.3,7,45,"quadruped"
"657","Frogadier","False","Water",NA,405,54,63,52,83,56,97,6,"Blue","True",0.875,"Water_1",NA,"False",0.61,10.9,45,"bipedal_tailless"
"658","Greninja","False","Water","Dark",530,72,95,67,103,71,122,6,"Blue","True",0.875,"Water_1",NA,"False",1.5,40,45,"bipedal_tailless"
"659","Bunnelby","False","Normal",NA,237,38,36,38,32,36,57,6,"Brown","True",0.5,"Field",NA,"False",0.41,5,255,"bipedal_tailed"
"660","Diggersby","False","Normal","Ground",423,85,56,77,50,77,78,6,"Brown","True",0.5,"Field",NA,"False",0.99,42.4,127,"bipedal_tailed"
"661","Fletchling","False","Normal","Flying",278,45,50,43,40,38,62,6,"Red","True",0.5,"Flying",NA,"False",0.3,1.7,255,"two_wings"
"662","Fletchinder","False","Fire","Flying",382,62,73,55,56,52,84,6,"Red","True",0.5,"Flying",NA,"False",0.71,16,120,"two_wings"
"663","Talonflame","False","Fire","Flying",499,78,81,71,74,69,126,6,"Red","True",0.5,"Flying",NA,"False",1.19,24.5,45,"two_wings"
"664","Scatterbug","False","Bug",NA,200,38,35,40,27,25,35,6,"Black","True",0.5,"Bug",NA,"False",0.3,2.5,255,"insectoid"
"665","Spewpa","False","Bug",NA,213,45,22,60,27,30,29,6,"Black","True",0.5,"Bug",NA,"False",0.3,8.4,120,"head_base"
"666","Vivillon","False","Bug","Flying",411,80,52,50,90,50,89,6,"Black","True",0.5,"Bug",NA,"False",1.19,17,45,"four_wings"
"667","Litleo","False","Fire","Normal",369,62,50,58,73,54,72,6,"Brown","True",0.125,"Field",NA,"False",0.61,13.5,220,"quadruped"
"668","Pyroar","False","Fire","Normal",507,86,68,72,109,66,106,6,"Brown","True",0.125,"Field",NA,"False",1.5,81.5,65,"quadruped"
"669","Flabébé","False","Fairy",NA,303,44,38,39,61,79,42,6,"White","True",0,"Fairy",NA,"False",0.1,0.1,225,"head_arms"
"670","Floette","False","Fairy",NA,371,54,45,47,75,98,52,6,"White","True",0,"Fairy",NA,"False",0.2,0.9,120,"head_arms"
"671","Florges","False","Fairy",NA,552,78,65,68,112,154,75,6,"White","True",0,"Fairy",NA,"False",1.09,10,45,"head_arms"
"672","Skiddo","False","Grass",NA,350,66,65,48,62,57,52,6,"Brown","True",0.5,"Field",NA,"False",0.89,31,200,"quadruped"
"673","Gogoat","False","Grass",NA,531,123,100,62,97,81,68,6,"Brown","True",0.5,"Field",NA,"False",1.7,91,45,"quadruped"
"674","Pancham","False","Fighting",NA,348,67,82,62,46,48,43,6,"White","True",0.5,"Field","Human-Like","False",0.61,8,220,"bipedal_tailed"
"675","Pangoro","False","Fighting","Dark",495,95,124,78,69,71,58,6,"White","True",0.5,"Field","Human-Like","False",2.11,136,65,"bipedal_tailless"
"676","Furfrou","False","Normal",NA,472,75,80,60,65,90,102,6,"White","True",0.5,"Field",NA,"False",1.19,28,160,"quadruped"
"677","Espurr","False","Psychic",NA,355,62,48,54,63,60,68,6,"Grey","True",0.5,"Field",NA,"False",0.3,3.5,190,"bipedal_tailed"
"678","Meowstic","False","Psychic",NA,466,74,48,76,83,81,104,6,"White","True",0.5,"Field",NA,"False",0.61,8.5,75,"bipedal_tailed"
"679","Honedge","False","Steel","Ghost",325,45,80,100,35,37,28,6,"Brown","True",0.5,"Mineral",NA,"False",0.79,2,180,"head_base"
"680","Doublade","False","Steel","Ghost",448,59,110,150,45,49,35,6,"Brown","True",0.5,"Mineral",NA,"False",0.84,4.5,90,"multiple_bodies"
"681","Aegislash","False","Steel","Ghost",520,60,50,150,50,150,60,6,"Brown","True",0.5,"Mineral",NA,"False",1.7,53,45,"head_base"
"682","Spritzee","False","Fairy",NA,341,78,52,60,63,65,23,6,"Pink","True",0.5,"Fairy",NA,"False",0.2,0.5,200,"head_arms"
"683","Aromatisse","False","Fairy",NA,462,101,72,72,99,89,29,6,"Pink","True",0.5,"Fairy",NA,"False",0.79,15.5,140,"bipedal_tailless"
"684","Swirlix","False","Fairy",NA,341,62,48,66,59,57,49,6,"White","True",0.5,"Fairy",NA,"False",0.41,3.5,200,"head_legs"
"685","Slurpuff","False","Fairy",NA,480,82,80,86,85,75,72,6,"White","True",0.5,"Fairy",NA,"False",0.79,5,140,"bipedal_tailless"
"686","Inkay","False","Dark","Psychic",288,53,54,53,37,46,45,6,"Blue","True",0.5,"Water_1","Water_2","False",0.41,3.5,190,"several_limbs"
"687","Malamar","False","Dark","Psychic",482,86,92,88,68,75,73,6,"Blue","True",0.5,"Water_1","Water_2","False",1.5,47,80,"head_base"
"688","Binacle","False","Rock","Water",306,42,52,67,39,56,50,6,"Brown","True",0.5,"Water_3",NA,"False",0.51,31,120,"multiple_bodies"
"689","Barbaracle","False","Rock","Water",500,72,105,115,54,86,68,6,"Brown","True",0.5,"Water_3",NA,"False",1.3,96,45,"multiple_bodies"
"690","Skrelp","False","Poison","Water",320,50,60,60,60,60,30,6,"Brown","True",0.5,"Water_1","Dragon","False",0.51,7.3,225,"head_base"
"691","Dragalge","False","Poison","Dragon",494,65,75,90,97,123,44,6,"Brown","True",0.5,"Water_1","Dragon","False",1.8,81.5,55,"head_base"
"692","Clauncher","False","Water",NA,330,50,53,62,58,63,44,6,"Blue","True",0.5,"Water_1","Water_3","False",0.51,8.3,225,"insectoid"
"693","Clawitzer","False","Water",NA,500,71,73,88,120,89,59,6,"Blue","True",0.5,"Water_1","Water_3","False",1.3,35.3,55,"serpentine_body"
"694","Helioptile","False","Electric","Normal",289,44,38,33,61,43,70,6,"Yellow","True",0.5,"Monster","Dragon","False",0.51,6,190,"bipedal_tailed"
"695","Heliolisk","False","Electric","Normal",481,62,55,52,109,94,109,6,"Yellow","True",0.5,"Monster","Dragon","False",0.99,21,75,"bipedal_tailed"
"696","Tyrunt","False","Rock","Dragon",362,58,89,77,45,45,48,6,"Brown","True",0.875,"Monster","Dragon","False",0.79,26,45,"bipedal_tailed"
"697","Tyrantrum","False","Rock","Dragon",521,82,121,119,69,59,71,6,"Red","True",0.875,"Monster","Dragon","False",2.49,270,45,"bipedal_tailed"
"698","Amaura","False","Rock","Ice",362,77,59,50,67,63,46,6,"Blue","True",0.875,"Monster",NA,"False",1.3,25.2,45,"quadruped"
"699","Aurorus","False","Rock","Ice",521,123,77,72,99,92,58,6,"Blue","True",0.875,"Monster",NA,"False",2.69,225,45,"quadruped"
"700","Sylveon","False","Fairy",NA,525,95,65,65,110,130,60,6,"Pink","True",0.875,"Field",NA,"False",0.99,23.5,45,"quadruped"
"701","Hawlucha","False","Fighting","Flying",500,78,92,75,74,63,118,6,"Green","True",0.5,"Human-Like",NA,"False",0.79,21.5,100,"bipedal_tailless"
"702","Dedenne","False","Electric","Fairy",431,67,58,57,81,67,101,6,"Yellow","True",0.5,"Field","Fairy","False",0.2,2.2,180,"bipedal_tailed"
"703","Carbink","False","Rock","Fairy",500,50,50,150,50,150,50,6,"Grey","False",NA,"Fairy","Mineral","False",0.3,5.7,60,"head_only"
"704","Goomy","False","Dragon",NA,300,45,50,35,55,75,40,6,"Purple","True",0.5,"Dragon",NA,"False",0.3,2.8,45,"serpentine_body"
"705","Sliggoo","False","Dragon",NA,452,68,75,53,83,113,60,6,"Purple","True",0.5,"Dragon",NA,"False",0.79,17.5,45,"serpentine_body"
"706","Goodra","False","Dragon",NA,600,90,100,70,110,150,80,6,"Purple","True",0.5,"Dragon",NA,"False",2.01,150.5,45,"bipedal_tailed"
"707","Klefki","False","Steel","Fairy",470,57,80,91,80,87,75,6,"Grey","True",0.5,"Mineral",NA,"False",0.2,3,75,"head_only"
"708","Phantump","False","Ghost","Grass",309,43,70,48,50,60,38,6,"Brown","True",0.5,"Grass","Amorphous","False",0.41,7,120,"head_arms"
"709","Trevenant","False","Ghost","Grass",474,85,110,76,65,82,56,6,"Brown","True",0.5,"Grass","Amorphous","False",1.5,71,60,"several_limbs"
"710","Pumpkaboo","False","Ghost","Grass",335,49,66,70,44,55,51,6,"Brown","True",0.5,"Amorphous",NA,"False",0.41,5,120,"head_only"
"711","Gourgeist","False","Ghost","Grass",494,65,90,122,58,75,84,6,"Brown","True",0.5,"Amorphous",NA,"False",1.7,39,60,"head_base"
"712","Bergmite","False","Ice",NA,304,55,69,85,32,35,28,6,"Blue","True",0.5,"Monster",NA,"False",0.99,99.5,190,"quadruped"
"713","Avalugg","False","Ice",NA,514,95,117,184,44,46,28,6,"Blue","True",0.5,"Monster",NA,"False",2.01,505,55,"quadruped"
"714","Noibat","False","Flying","Dragon",245,40,30,35,45,40,55,6,"Purple","True",0.5,"Flying",NA,"False",0.51,8,190,"two_wings"
"715","Noivern","False","Flying","Dragon",535,85,70,80,97,80,123,6,"Purple","True",0.5,"Flying",NA,"False",1.5,85,45,"two_wings"
"716","Xerneas","True","Fairy",NA,680,126,131,95,131,98,99,6,"Blue","False",NA,"Undiscovered",NA,"False",3,215,45,"quadruped"
"717","Yveltal","True","Dark","Flying",680,126,131,95,131,98,99,6,"Red","False",NA,"Undiscovered",NA,"False",5.79,203,45,"two_wings"
"718","Zygarde","True","Dragon","Ground",600,108,100,121,81,95,95,6,"Green","False",NA,"Undiscovered",NA,"False",5,305,3,"serpentine_body"
"719","Diancie","True","Rock","Fairy",600,50,100,150,100,150,50,6,"Pink","False",NA,"Undiscovered",NA,"True",0.71,8.8,3,"head_arms"
"720","Hoopa","True","Psychic","Ghost",600,80,110,60,150,130,70,6,"Purple","False",NA,"Undiscovered",NA,"False",0.51,9,3,"head_only"
"721","Volcanion","True","Fire","Water",600,80,110,120,130,90,70,6,"Brown","False",NA,"Undiscovered",NA,"False",1.7,195,3,"quadruped"
